index,Filename,WaterLevel,VA,RB,OB,PF,DE,FS,IS,RO,IN,AF,BE,FO,GR,PH,PB,OS,OP,OK,ND,Defect
0,AF_00014775.png,0,1,0,0,0,0,0,0,0,0,1,0,0,0,0,0,0,0,0,0,1
1,AF_00055829.png,0,1,0,0,0,0,0,0,0,0,1,0,0,0,0,0,0,0,0,0,1
2,AF_00058590.png,0,0,0,0,0,0,0,0,0,0,1,0,0,0,0,0,0,0,0,0,1
3,AF_00064285.png,0,1,0,0,0,0,0,0,0,0,1,0,0,0,0,0,0,0,0,0,1
4,AF_00066000.png,10,0,0,0,0,0,0,0,0,0,1,0,0,0,0,0,0,0,0,0,1
5,AF_00094017.png,0,1,0,0,0,0,0,0,0,0,1,0,0,0,0,0,0,0,0,0,1
6,AF_00147792.png,10,0,0,0,0,0,0,0,0,0,1,0,0,0,0,0,0,0,0,0,1
7,AF_00150013.png,0,1,0,0,0,0,0,0,0,0,1,0,0,0,0,0,0,0,0,0,1
8,AF_00152655.png,0,1,0,0,0,0,0,0,0,0,1,0,0,0,0,0,0,0,0,0,1
9,AF_00156054.png,0,1,0,0,0,0,0,0,0,0,1,0,0,0,0,0,0,0,0,0,1
10,AF_00160795.png,10,0,0,0,0,0,0,0,0,0,1,0,0,0,0,0,0,0,0,0,1
11,AF_00160803.png,30,1,0,0,0,0,0,0,0,0,1,0,0,0,0,0,0,0,0,0,1
12,AF_00176074.png,0,0,0,0,0,0,0,0,0,0,1,0,0,0,0,0,0,0,0,0,1
13,AF_00228212.png,0,1,0,0,0,0,0,0,0,0,1,0,0,0,0,0,0,0,0,0,1
14,AF_00265741.png,0,0,0,0,0,0,0,0,0,0,1,0,0,0,0,0,0,0,0,0,1
15,AF_00307246.png,5,1,0,0,0,0,0,0,0,0,1,0,0,0,0,0,0,0,0,0,1
16,AF_00323025.png,10,0,0,0,0,0,0,0,0,0,1,0,0,0,0,0,0,0,0,0,1
17,AF_00437590.png,0,1,0,0,0,0,0,0,0,0,1,0,0,0,0,0,0,0,0,0,1
18,AF_00478715.png,0,1,0,0,0,0,0,0,0,0,1,0,0,0,0,0,0,0,0,0,1
19,AF_00490687.png,0,1,0,0,0,0,0,0,0,0,1,0,0,0,0,0,0,0,0,0,1
20,AF_00496316.png,0,1,0,0,0,0,0,0,0,0,1,0,0,0,0,0,0,0,0,0,1
21,AF_00506830.png,10,1,0,0,0,0,0,0,0,0,1,0,0,0,0,0,0,0,0,0,1
22,AF_00521703.png,0,1,0,0,0,0,0,0,0,0,1,0,0,0,0,0,0,0,0,0,1
23,AF_00551602.png,0,1,0,0,0,0,0,0,0,0,1,0,0,0,0,0,0,0,0,0,1
24,AF_00567393.png,0,0,0,0,0,0,0,0,0,0,1,0,0,0,0,0,0,0,0,0,1
25,AF_00592152.png,10,0,0,0,0,0,0,0,0,0,1,0,0,0,0,0,0,0,0,0,1
26,AF_00600103.png,10,1,0,0,0,0,0,0,0,0,1,0,0,0,0,0,0,0,0,0,1
27,AF_00600883.png,0,1,0,0,0,0,0,0,0,0,1,0,0,0,0,0,0,0,0,0,1
28,AF_00723132.png,0,0,0,0,0,0,0,0,0,0,1,0,0,0,0,0,0,0,0,0,1
29,AF_00726835.png,0,1,0,0,0,0,0,0,0,0,1,0,0,0,0,0,0,0,0,0,1
30,AF_00732423.png,2,0,0,0,0,0,0,0,0,0,1,0,0,0,0,0,0,0,0,0,1
31,AF_00756516.png,0,1,0,0,0,0,0,0,0,0,1,0,0,0,0,0,0,0,0,0,1
32,AF_00811903.png,0,1,0,0,0,0,0,0,0,0,1,0,0,0,0,0,0,0,0,0,1
33,AF_00812916.png,0,0,0,0,0,0,0,0,0,0,1,0,0,0,0,0,0,0,0,0,1
34,AF_00913099.png,10,1,0,0,0,0,0,0,0,0,1,0,0,0,0,0,0,0,0,0,1
35,AF_00913937.png,10,1,0,0,0,0,0,0,0,0,1,0,0,0,0,0,0,0,0,0,1
36,AF_00914161.png,0,1,0,0,0,0,0,0,0,0,1,0,0,0,0,0,0,0,0,0,1
37,AF_00948434.png,0,1,0,0,0,0,0,0,0,0,1,0,0,0,0,0,0,0,0,0,1
38,AF_00977707.png,40,1,0,0,0,0,0,0,0,0,1,0,0,0,0,0,0,0,0,0,1
39,AF_01076150.png,0,0,0,0,0,0,0,0,0,0,1,0,0,0,0,0,0,0,0,0,1
40,AF_01134903.png,0,1,0,0,0,0,0,0,0,0,1,0,0,0,0,0,0,0,0,0,1
41,AF_01166070.png,10,1,0,0,0,0,0,0,0,0,1,0,0,0,0,0,0,0,0,0,1
42,AF_01166246.png,0,0,0,0,0,0,0,0,0,0,1,0,0,0,0,0,0,0,0,0,1
43,AF_01171711.png,10,1,0,0,0,0,0,0,0,0,1,0,0,0,0,0,0,0,0,0,1
44,AF_01190566.png,0,0,0,0,0,0,0,0,0,0,1,0,0,0,0,0,0,0,0,0,1
45,AF_01190720.png,10,1,0,0,0,0,0,0,0,0,1,0,0,0,0,0,0,0,0,0,1
46,AF_01192498.png,0,0,0,0,0,0,0,0,0,0,1,0,0,0,0,0,0,0,0,0,1
47,AF_01192852.png,0,0,0,0,0,0,0,0,0,0,1,0,0,0,0,0,0,0,0,0,1
48,AF_01249255.png,0,1,0,0,0,0,0,0,0,0,1,0,0,0,0,0,0,0,0,0,1
49,AF_01266276.png,0,0,0,0,0,0,0,0,0,0,1,0,0,0,0,0,0,0,0,0,1
50,BE_00013444.png,5,0,0,0,0,0,0,0,0,0,0,1,0,0,0,0,0,0,0,0,1
51,BE_00042294.png,10,1,0,0,0,0,0,0,0,0,0,1,0,0,0,0,0,0,0,0,1
52,BE_00046628.png,0,1,0,0,0,0,0,0,0,0,0,1,0,0,0,0,0,0,0,0,1
53,BE_00062323.png,10,1,0,0,0,0,0,0,0,0,0,1,0,0,0,0,0,0,0,0,1
54,BE_00065974.png,10,0,0,0,0,0,0,0,0,0,0,1,0,0,0,0,0,0,0,0,1
55,BE_00163465.png,10,1,0,0,0,0,0,0,0,0,0,1,0,0,0,0,0,0,0,0,1
56,BE_00166445.png,20,1,0,0,0,0,0,0,0,0,0,1,0,0,0,0,0,0,0,0,1
57,BE_00166823.png,0,1,0,0,0,0,0,0,0,0,0,1,0,0,0,0,0,0,0,0,1
58,BE_00169622.png,10,1,0,0,0,0,0,0,0,0,0,1,0,0,0,0,0,0,0,0,1
59,BE_00178859.png,20,1,0,0,0,0,0,0,0,0,0,1,0,0,0,0,0,0,0,0,1
60,BE_00178861.png,40,1,0,0,0,0,0,0,0,0,0,1,0,0,0,0,0,0,0,0,1
61,BE_00194616.png,2,0,0,0,0,0,0,0,0,0,0,1,0,0,0,0,0,0,0,0,1
62,BE_00225105.png,10,0,0,0,0,0,0,0,0,0,0,1,0,0,0,0,0,0,0,0,1
63,BE_00232812.png,10,0,0,0,0,0,0,0,0,0,0,1,0,0,0,0,0,0,0,0,1
64,BE_00236642.png,10,1,0,0,0,0,0,0,0,0,0,1,0,0,0,0,0,0,0,0,1
65,BE_00251042.png,10,0,0,0,0,0,0,0,0,0,0,1,0,0,0,0,0,0,0,0,1
66,BE_00303477.png,0,1,0,0,0,0,0,0,0,0,0,1,0,0,0,0,0,0,0,0,1
67,BE_00325870.png,10,0,0,0,0,0,0,0,0,0,0,1,0,0,0,0,0,0,0,0,1
68,BE_00327471.png,10,0,0,0,0,0,0,0,0,0,0,1,0,0,0,0,0,0,0,0,1
69,BE_00329430.png,10,0,0,0,0,0,0,0,0,0,0,1,0,0,0,0,0,0,0,0,1
70,BE_00350759.png,10,0,0,0,0,0,0,0,0,0,0,1,0,0,0,0,0,0,0,0,1
71,BE_00383542.png,10,1,0,0,0,0,0,0,0,0,0,1,0,0,0,0,0,0,0,0,1
72,BE_00419251.png,0,0,0,0,0,0,0,0,0,0,0,1,0,0,0,0,0,0,0,0,1
73,BE_00422846.png,5,1,0,0,0,0,0,0,0,0,0,1,0,0,0,0,0,0,0,0,1
74,BE_00422958.png,2,1,0,0,0,0,0,0,0,0,0,1,0,0,0,0,0,0,0,0,1
75,BE_00583289.png,4,1,0,0,0,0,0,0,0,0,0,1,0,0,0,0,0,0,0,0,1
76,BE_00586320.png,2,0,0,0,0,0,0,0,0,0,0,1,0,0,0,0,0,0,0,0,1
77,BE_00641226.png,0,0,0,0,0,0,0,0,0,0,0,1,0,0,0,0,0,0,0,0,1
78,BE_00792108.png,10,0,0,0,0,0,0,0,0,0,0,1,0,0,0,0,0,0,0,0,1
79,BE_00797063.png,5,0,0,0,0,0,0,0,0,0,0,1,0,0,0,0,0,0,0,0,1
80,BE_00797350.png,50,0,0,0,0,0,0,0,0,0,0,1,0,0,0,0,0,0,0,0,1
81,BE_00817630.png,5,1,0,0,0,0,0,0,0,0,0,1,0,0,0,0,0,0,0,0,1
82,BE_00936719.png,20,1,0,0,0,0,0,0,0,0,0,1,0,0,0,0,0,0,0,0,1
83,BE_01016182.png,20,0,0,0,0,0,0,0,0,0,0,1,0,0,0,0,0,0,0,0,1
84,BE_01016367.png,10,0,0,0,0,0,0,0,0,0,0,1,0,0,0,0,0,0,0,0,1
85,BE_01029564.png,10,0,0,0,0,0,0,0,0,0,0,1,0,0,0,0,0,0,0,0,1
86,BE_01063106.png,0,1,0,0,0,0,0,0,0,0,0,1,0,0,0,0,0,0,0,0,1
87,BE_01068419.png,0,1,0,0,0,0,0,0,0,0,0,1,0,0,0,0,0,0,0,0,1
88,BE_01076527.png,10,0,0,0,0,0,0,0,0,0,0,1,0,0,0,0,0,0,0,0,1
89,BE_01113793.png,30,1,0,0,0,0,0,0,0,0,0,1,0,0,0,0,0,0,0,0,1
90,BE_01131333.png,0,0,0,0,0,0,0,0,0,0,0,1,0,0,0,0,0,0,0,0,1
91,BE_01171201.png,0,1,0,0,0,0,0,0,0,0,0,1,0,0,0,0,0,0,0,0,1
92,BE_01190759.png,30,1,0,0,0,0,0,0,0,0,0,1,0,0,0,0,0,0,0,0,1
93,BE_01191896.png,20,1,0,0,0,0,0,0,0,0,0,1,0,0,0,0,0,0,0,0,1
94,BE_01209992.png,5,0,0,0,0,0,0,0,0,0,0,1,0,0,0,0,0,0,0,0,1
95,BE_01248297.png,20,1,0,0,0,0,0,0,0,0,0,1,0,0,0,0,0,0,0,0,1
96,BE_01248600.png,5,1,0,0,0,0,0,0,0,0,0,1,0,0,0,0,0,0,0,0,1
97,BE_01248737.png,0,0,0,0,0,0,0,0,0,0,0,1,0,0,0,0,0,0,0,0,1
98,BE_01276291.png,10,0,0,0,0,0,0,0,0,0,0,1,0,0,0,0,0,0,0,0,1
99,BE_01278325.png,10,1,0,0,0,0,0,0,0,0,0,1,0,0,0,0,0,0,0,0,1
100,DE_00038447.png,30,1,0,0,0,1,0,0,0,0,0,0,0,0,0,0,0,0,0,0,1
101,DE_00175066.png,10,0,0,0,0,1,0,0,0,0,0,0,0,0,0,0,0,0,0,0,1
102,DE_00175748.png,20,1,0,0,0,1,0,0,0,0,0,0,0,0,0,0,0,0,0,0,1
103,DE_00182216.png,0,0,0,0,0,1,0,0,0,0,0,0,0,0,0,0,0,0,0,0,1
104,DE_00197199.png,10,1,0,0,0,1,0,0,0,0,0,0,0,0,0,0,0,0,0,0,1
105,DE_00224281.png,10,1,0,0,0,1,0,0,0,0,0,0,0,0,0,0,0,0,0,0,1
106,DE_00224452.png,5,0,0,0,0,1,0,0,0,0,0,0,0,0,0,0,0,0,0,0,1
107,DE_00391286.png,0,1,0,0,0,1,0,0,0,0,0,0,0,0,0,0,0,0,0,0,1
108,DE_00468259.png,10,0,0,0,0,1,0,0,0,0,0,0,0,0,0,0,0,0,0,0,1
109,DE_00468857.png,5,0,0,0,0,1,0,0,0,0,0,0,0,0,0,0,0,0,0,0,1
110,DE_00508747.png,10,0,0,0,0,1,0,0,0,0,0,0,0,0,0,0,0,0,0,0,1
111,DE_00519308.png,10,0,0,0,0,1,0,0,0,0,0,0,0,0,0,0,0,0,0,0,1
112,DE_00526432.png,10,0,0,0,0,1,0,0,0,0,0,0,0,0,0,0,0,0,0,0,1
113,DE_00538299.png,0,0,0,0,0,1,0,0,0,0,0,0,0,0,0,0,0,0,0,0,1
114,DE_00544131.png,10,0,0,0,0,1,0,0,0,0,0,0,0,0,0,0,0,0,0,0,1
115,DE_00544139.png,10,1,0,0,0,1,0,0,0,0,0,0,0,0,0,0,0,0,0,0,1
116,DE_00553877.png,5,0,0,0,0,1,0,0,0,0,0,0,0,0,0,0,0,0,0,0,1
117,DE_00561788.png,10,0,0,0,0,1,0,0,0,0,0,0,0,0,0,0,0,0,0,0,1
118,DE_00661619.png,10,0,0,0,0,1,0,0,0,0,0,0,0,0,0,0,0,0,0,0,1
119,DE_00678498.png,0,1,0,0,0,1,0,0,0,0,0,0,0,0,0,0,0,0,0,0,1
120,DE_00680649.png,10,0,0,0,0,1,0,0,0,0,0,0,0,0,0,0,0,0,0,0,1
121,DE_00707292.png,0,0,0,0,0,1,0,0,0,0,0,0,0,0,0,0,0,0,0,0,1
122,DE_00710068.png,0,0,0,0,0,1,0,0,0,0,0,0,0,0,0,0,0,0,0,0,1
123,DE_00718682.png,0,1,0,0,0,1,0,0,0,0,0,0,0,0,0,0,0,0,0,0,1
124,DE_00721562.png,10,0,0,0,0,1,0,0,0,0,0,0,0,0,0,0,0,0,0,0,1
125,DE_00725538.png,0,0,0,0,0,1,0,0,0,0,0,0,0,0,0,0,0,0,0,0,1
126,DE_00728907.png,10,0,0,0,0,1,0,0,0,0,0,0,0,0,0,0,0,0,0,0,1
127,DE_00731101.png,10,1,0,0,0,1,0,0,0,0,0,0,0,0,0,0,0,0,0,0,1
128,DE_00733950.png,10,0,0,0,0,1,0,0,0,0,0,0,0,0,0,0,0,0,0,0,1
129,DE_00733953.png,10,0,0,0,0,1,0,0,0,0,0,0,0,0,0,0,0,0,0,0,1
130,DE_00745608.png,5,0,0,0,0,1,0,0,0,0,0,0,0,0,0,0,0,0,0,0,1
131,DE_00763898.png,10,1,0,0,0,1,0,0,0,0,0,0,0,0,0,0,0,0,0,0,1
132,DE_00772679.png,10,0,0,0,0,1,0,0,0,0,0,0,0,0,0,0,0,0,0,0,1
133,DE_00775403.png,10,0,0,0,0,1,0,0,0,0,0,0,0,0,0,0,0,0,0,0,1
134,DE_00775735.png,10,0,0,0,0,1,0,0,0,0,0,0,0,0,0,0,0,0,0,0,1
135,DE_00827488.png,10,0,0,0,0,1,0,0,0,0,0,0,0,0,0,0,0,0,0,0,1
136,DE_00831656.png,10,0,0,0,0,1,0,0,0,0,0,0,0,0,0,0,0,0,0,0,1
137,DE_00900847.png,0,0,0,0,0,1,0,0,0,0,0,0,0,0,0,0,0,0,0,0,1
138,DE_00909079.png,10,0,0,0,0,1,0,0,0,0,0,0,0,0,0,0,0,0,0,0,1
139,DE_00913794.png,20,1,0,0,0,1,0,0,0,0,0,0,0,0,0,0,0,0,0,0,1
140,DE_00985419.png,10,0,0,0,0,1,0,0,0,0,0,0,0,0,0,0,0,0,0,0,1
141,DE_00990507.png,10,0,0,0,0,1,0,0,0,0,0,0,0,0,0,0,0,0,0,0,1
142,DE_01022798.png,0,1,0,0,0,1,0,0,0,0,0,0,0,0,0,0,0,0,0,0,1
143,DE_01023371.png,10,1,0,0,0,1,0,0,0,0,0,0,0,0,0,0,0,0,0,0,1
144,DE_01105120.png,0,0,0,0,0,1,0,0,0,0,0,0,0,0,0,0,0,0,0,0,1
145,DE_01117129.png,0,1,0,0,0,1,0,0,0,0,0,0,0,0,0,0,0,0,0,0,1
146,DE_01117144.png,0,0,0,0,0,1,0,0,0,0,0,0,0,0,0,0,0,0,0,0,1
147,DE_01168464.png,0,1,0,0,0,1,0,0,0,0,0,0,0,0,0,0,0,0,0,0,1
148,DE_01184561.png,20,1,0,0,0,1,0,0,0,0,0,0,0,0,0,0,0,0,0,0,1
149,DE_01264882.png,2,0,0,0,0,1,0,0,0,0,0,0,0,0,0,0,0,0,0,0,1
150,FO_00008525.png,0,1,0,0,0,0,0,0,0,0,0,0,1,0,0,0,0,0,0,0,1
151,FO_00034149.png,10,1,0,0,0,0,0,0,0,0,0,0,1,0,0,0,0,0,0,0,1
152,FO_00038498.png,30,1,0,0,0,0,0,0,0,0,0,0,1,0,0,0,0,0,0,0,1
153,FO_00038959.png,0,1,0,0,0,0,0,0,0,0,0,0,1,0,0,0,0,0,0,0,1
154,FO_00045311.png,10,1,0,0,0,0,0,0,0,0,0,0,1,0,0,0,0,0,0,0,1
155,FO_00092161.png,0,1,0,0,0,0,0,0,0,0,0,0,1,0,0,0,0,0,0,0,1
156,FO_00096073.png,10,0,0,0,0,0,0,0,0,0,0,0,1,0,0,0,0,0,0,0,1
157,FO_00096578.png,10,1,0,0,0,0,0,0,0,0,0,0,1,0,0,0,0,0,0,0,1
158,FO_00100268.png,20,1,0,0,0,0,0,0,0,0,0,0,1,0,0,0,0,0,0,0,1
159,FO_00113640.png,20,1,0,0,0,0,0,0,0,0,0,0,1,0,0,0,0,0,0,0,1
160,FO_00140628.png,0,1,0,0,0,0,0,0,0,0,0,0,1,0,0,0,0,0,0,0,1
161,FO_00160710.png,10,0,0,0,0,0,0,0,0,0,0,0,1,0,0,0,0,0,0,0,1
162,FO_00161680.png,60,1,0,0,0,0,0,0,0,0,0,0,1,0,0,0,0,0,0,0,1
163,FO_00180998.png,0,1,0,0,0,0,0,0,0,0,0,0,1,0,0,0,0,0,0,0,1
164,FO_00225517.png,2,1,0,0,0,0,0,0,0,0,0,0,1,0,0,0,0,0,0,0,1
165,FO_00225518.png,0,1,0,0,0,0,0,0,0,0,0,0,1,0,0,0,0,0,0,0,1
166,FO_00229347.png,0,1,0,0,0,0,0,0,0,0,0,0,1,0,0,0,0,0,0,0,1
167,FO_00232983.png,0,1,0,0,0,0,0,0,0,0,0,0,1,0,0,0,0,0,0,0,1
168,FO_00270161.png,2,0,0,0,0,0,0,0,0,0,0,0,1,0,0,0,0,0,0,0,1
169,FO_00273536.png,0,1,0,0,0,0,0,0,0,0,0,0,1,0,0,0,0,0,0,0,1
170,FO_00300457.png,0,0,0,0,0,0,0,0,0,0,0,0,1,0,0,0,0,0,0,0,1
171,FO_00301511.png,10,0,0,0,0,0,0,0,0,0,0,0,1,0,0,0,0,0,0,0,1
172,FO_00397324.png,10,0,0,0,0,0,0,0,0,0,0,0,1,0,0,0,0,0,0,0,1
173,FO_00397603.png,0,1,0,0,0,0,0,0,0,0,0,0,1,0,0,0,0,0,0,0,1
174,FO_00435133.png,10,1,0,0,0,0,0,0,0,0,0,0,1,0,0,0,0,0,0,0,1
175,FO_00447511.png,0,0,0,0,0,0,0,0,0,0,0,0,1,0,0,0,0,0,0,0,1
176,FO_00502099.png,0,1,0,0,0,0,0,0,0,0,0,0,1,0,0,0,0,0,0,0,1
177,FO_00506746.png,0,0,0,0,0,0,0,0,0,0,0,0,1,0,0,0,0,0,0,0,1
178,FO_00547028.png,0,1,0,0,0,0,0,0,0,0,0,0,1,0,0,0,0,0,0,0,1
179,FO_00624578.png,0,1,0,0,0,0,0,0,0,0,0,0,1,0,0,0,0,0,0,0,1
180,FO_00655342.png,0,1,0,0,0,0,0,0,0,0,0,0,1,0,0,0,0,0,0,0,1
181,FO_00675231.png,0,0,0,0,0,0,0,0,0,0,0,0,1,0,0,0,0,0,0,0,1
182,FO_00716132.png,0,1,0,0,0,0,0,0,0,0,0,0,1,0,0,0,0,0,0,0,1
183,FO_00716133.png,0,1,0,0,0,0,0,0,0,0,0,0,1,0,0,0,0,0,0,0,1
184,FO_00720028.png,0,1,0,0,0,0,0,0,0,0,0,0,1,0,0,0,0,0,0,0,1
185,FO_00734633.png,2,1,0,0,0,0,0,0,0,0,0,0,1,0,0,0,0,0,0,0,1
186,FO_00735856.png,0,1,0,0,0,0,0,0,0,0,0,0,1,0,0,0,0,0,0,0,1
187,FO_00760987.png,0,1,0,0,0,0,0,0,0,0,0,0,1,0,0,0,0,0,0,0,1
188,FO_00769303.png,0,1,0,0,0,0,0,0,0,0,0,0,1,0,0,0,0,0,0,0,1
189,FO_00769492.png,0,1,0,0,0,0,0,0,0,0,0,0,1,0,0,0,0,0,0,0,1
190,FO_00785307.png,0,1,0,0,0,0,0,0,0,0,0,0,1,0,0,0,0,0,0,0,1
191,FO_00858851.png,10,0,0,0,0,0,0,0,0,0,0,0,1,0,0,0,0,0,0,0,1
192,FO_00860559.png,0,0,0,0,0,0,0,0,0,0,0,0,1,0,0,0,0,0,0,0,1
193,FO_00881647.png,10,1,0,0,0,0,0,0,0,0,0,0,1,0,0,0,0,0,0,0,1
194,FO_00882155.png,0,0,0,0,0,0,0,0,0,0,0,0,1,0,0,0,0,0,0,0,1
195,FO_00938694.png,0,1,0,0,0,0,0,0,0,0,0,0,1,0,0,0,0,0,0,0,1
196,FO_00941414.png,10,1,0,0,0,0,0,0,0,0,0,0,1,0,0,0,0,0,0,0,1
197,FO_00967526.png,10,1,0,0,0,0,0,0,0,0,0,0,1,0,0,0,0,0,0,0,1
198,FO_00998327.png,0,0,0,0,0,0,0,0,0,0,0,0,1,0,0,0,0,0,0,0,1
199,FO_01083750.png,0,1,0,0,0,0,0,0,0,0,0,0,1,0,0,0,0,0,0,0,1
200,FS_00011173.png,10,1,0,0,0,0,1,0,0,0,0,0,0,0,0,0,0,0,0,0,1
201,FS_00036566.png,10,1,0,0,0,0,1,0,0,0,0,0,0,0,0,0,0,0,0,0,1
202,FS_00037782.png,0,0,0,0,0,0,1,0,0,0,0,0,0,0,0,0,0,0,0,0,1
203,FS_00039502.png,0,0,0,0,0,0,1,0,0,0,0,0,0,0,0,0,0,0,0,0,1
204,FS_00040981.png,20,1,0,0,0,0,1,0,0,0,0,0,0,0,0,0,0,0,0,0,1
205,FS_00047196.png,10,1,0,0,0,0,1,0,0,0,0,0,0,0,0,0,0,0,0,0,1
206,FS_00083768.png,10,0,0,0,0,0,1,0,0,0,0,0,0,0,0,0,0,0,0,0,1
207,FS_00087841.png,10,0,0,0,0,0,1,0,0,0,0,0,0,0,0,0,0,0,0,0,1
208,FS_00088891.png,10,1,0,0,0,0,1,0,0,0,0,0,0,0,0,0,0,0,0,0,1
209,FS_00095702.png,5,0,0,0,0,0,1,0,0,0,0,0,0,0,0,0,0,0,0,0,1
210,FS_00100843.png,0,0,0,0,0,0,1,0,0,0,0,0,0,0,0,0,0,0,0,0,1
211,FS_00101087.png,0,1,0,0,0,0,1,0,0,0,0,0,0,0,0,0,0,0,0,0,1
212,FS_00106754.png,20,1,0,0,0,0,1,0,0,0,0,0,0,0,0,0,0,0,0,0,1
213,FS_00121968.png,0,1,0,0,0,0,1,0,0,0,0,0,0,0,0,0,0,0,0,0,1
214,FS_00140019.png,0,1,0,0,0,0,1,0,0,0,0,0,0,0,0,0,0,0,0,0,1
215,FS_00153793.png,10,0,0,0,0,0,1,0,0,0,0,0,0,0,0,0,0,0,0,0,1
216,FS_00156247.png,10,1,0,0,0,0,1,0,0,0,0,0,0,0,0,0,0,0,0,0,1
217,FS_00215310.png,10,0,0,0,0,0,1,0,0,0,0,0,0,0,0,0,0,0,0,0,1
218,FS_00242882.png,5,0,0,0,0,0,1,0,0,0,0,0,0,0,0,0,0,0,0,0,1
219,FS_00274006.png,0,0,0,0,0,0,1,0,0,0,0,0,0,0,0,0,0,0,0,0,1
220,FS_00278412.png,0,0,0,0,0,0,1,0,0,0,0,0,0,0,0,0,0,0,0,0,1
221,FS_00298945.png,0,0,0,0,0,0,1,0,0,0,0,0,0,0,0,0,0,0,0,0,1
222,FS_00306593.png,0,0,0,0,0,0,1,0,0,0,0,0,0,0,0,0,0,0,0,0,1
223,FS_00336708.png,0,0,0,0,0,0,1,0,0,0,0,0,0,0,0,0,0,0,0,0,1
224,FS_00351322.png,0,0,0,0,0,0,1,0,0,0,0,0,0,0,0,0,0,0,0,0,1
225,FS_00382344.png,0,1,0,0,0,0,1,0,0,0,0,0,0,0,0,0,0,0,0,0,1
226,FS_00385175.png,10,0,0,0,0,0,1,0,0,0,0,0,0,0,0,0,0,0,0,0,1
227,FS_00385679.png,10,1,0,0,0,0,1,0,0,0,0,0,0,0,0,0,0,0,0,0,1
228,FS_00492037.png,10,0,0,0,0,0,1,0,0,0,0,0,0,0,0,0,0,0,0,0,1
229,FS_00499800.png,10,1,0,0,0,0,1,0,0,0,0,0,0,0,0,0,0,0,0,0,1
230,FS_00508684.png,5,1,0,0,0,0,1,0,0,0,0,0,0,0,0,0,0,0,0,0,1
231,FS_00572484.png,0,0,0,0,0,0,1,0,0,0,0,0,0,0,0,0,0,0,0,0,1
232,FS_00639261.png,0,1,0,0,0,0,1,0,0,0,0,0,0,0,0,0,0,0,0,0,1
233,FS_00642852.png,0,1,0,0,0,0,1,0,0,0,0,0,0,0,0,0,0,0,0,0,1
234,FS_00687298.png,0,0,0,0,0,0,1,0,0,0,0,0,0,0,0,0,0,0,0,0,1
235,FS_00688752.png,0,0,0,0,0,0,1,0,0,0,0,0,0,0,0,0,0,0,0,0,1
236,FS_00689359.png,0,0,0,0,0,0,1,0,0,0,0,0,0,0,0,0,0,0,0,0,1
237,FS_00721700.png,0,0,0,0,0,0,1,0,0,0,0,0,0,0,0,0,0,0,0,0,1
238,FS_00729050.png,0,1,0,0,0,0,1,0,0,0,0,0,0,0,0,0,0,0,0,0,1
239,FS_00791385.png,0,1,0,0,0,0,1,0,0,0,0,0,0,0,0,0,0,0,0,0,1
240,FS_00878336.png,0,1,0,0,0,0,1,0,0,0,0,0,0,0,0,0,0,0,0,0,1
241,FS_00905164.png,0,0,0,0,0,0,1,0,0,0,0,0,0,0,0,0,0,0,0,0,1
242,FS_00907236.png,0,1,0,0,0,0,1,0,0,0,0,0,0,0,0,0,0,0,0,0,1
243,FS_00953413.png,10,0,0,0,0,0,1,0,0,0,0,0,0,0,0,0,0,0,0,0,1
244,FS_01058176.png,0,0,0,0,0,0,1,0,0,0,0,0,0,0,0,0,0,0,0,0,1
245,FS_01058845.png,0,1,0,0,0,0,1,0,0,0,0,0,0,0,0,0,0,0,0,0,1
246,FS_01078245.png,10,0,0,0,0,0,1,0,0,0,0,0,0,0,0,0,0,0,0,0,1
247,FS_01095484.png,10,0,0,0,0,0,1,0,0,0,0,0,0,0,0,0,0,0,0,0,1
248,FS_01195489.png,10,1,0,0,0,0,1,0,0,0,0,0,0,0,0,0,0,0,0,0,1
249,FS_01242994.png,10,0,0,0,0,0,1,0,0,0,0,0,0,0,0,0,0,0,0,0,1
250,GR_00036641.png,10,0,0,0,0,0,0,0,0,0,0,0,0,1,0,0,0,0,0,0,1
251,GR_00109155.png,20,1,0,0,0,0,0,0,0,0,0,0,0,1,0,0,0,0,0,0,1
252,GR_00114209.png,10,1,0,0,0,0,0,0,0,0,0,0,0,1,0,0,0,0,0,0,1
253,GR_00129766.png,10,0,0,0,0,0,0,0,0,0,0,0,0,1,0,0,0,0,0,0,1
254,GR_00141996.png,10,0,0,0,0,0,0,0,0,0,0,0,0,1,0,0,0,0,0,0,1
255,GR_00246579.png,10,0,0,0,0,0,0,0,0,0,0,0,0,1,0,0,0,0,0,0,1
256,GR_00250764.png,10,0,0,0,0,0,0,0,0,0,0,0,0,1,0,0,0,0,0,0,1
257,GR_00251186.png,0,0,0,0,0,0,0,0,0,0,0,0,0,1,0,0,0,0,0,0,1
258,GR_00253249.png,5,0,0,0,0,0,0,0,0,0,0,0,0,1,0,0,0,0,0,0,1
259,GR_00255143.png,0,0,0,0,0,0,0,0,0,0,0,0,0,1,0,0,0,0,0,0,1
260,GR_00255231.png,0,0,0,0,0,0,0,0,0,0,0,0,0,1,0,0,0,0,0,0,1
261,GR_00258682.png,5,0,0,0,0,0,0,0,0,0,0,0,0,1,0,0,0,0,0,0,1
262,GR_00271009.png,0,1,0,0,0,0,0,0,0,0,0,0,0,1,0,0,0,0,0,0,1
263,GR_00288706.png,5,0,0,0,0,0,0,0,0,0,0,0,0,1,0,0,0,0,0,0,1
264,GR_00295044.png,10,0,0,0,0,0,0,0,0,0,0,0,0,1,0,0,0,0,0,0,1
265,GR_00346907.png,2,0,0,0,0,0,0,0,0,0,0,0,0,1,0,0,0,0,0,0,1
266,GR_00359713.png,5,1,0,0,0,0,0,0,0,0,0,0,0,1,0,0,0,0,0,0,1
267,GR_00362343.png,0,0,0,0,0,0,0,0,0,0,0,0,0,1,0,0,0,0,0,0,1
268,GR_00363804.png,0,0,0,0,0,0,0,0,0,0,0,0,0,1,0,0,0,0,0,0,1
269,GR_00364373.png,0,0,0,0,0,0,0,0,0,0,0,0,0,1,0,0,0,0,0,0,1
270,GR_00366374.png,0,1,0,0,0,0,0,0,0,0,0,0,0,1,0,0,0,0,0,0,1
271,GR_00376555.png,10,1,0,0,0,0,0,0,0,0,0,0,0,1,0,0,0,0,0,0,1
272,GR_00423746.png,0,0,0,0,0,0,0,0,0,0,0,0,0,1,0,0,0,0,0,0,1
273,GR_00427374.png,0,0,0,0,0,0,0,0,0,0,0,0,0,1,0,0,0,0,0,0,1
274,GR_00427778.png,0,0,0,0,0,0,0,0,0,0,0,0,0,1,0,0,0,0,0,0,1
275,GR_00479906.png,5,0,0,0,0,0,0,0,0,0,0,0,0,1,0,0,0,0,0,0,1
276,GR_00483433.png,10,1,0,0,0,0,0,0,0,0,0,0,0,1,0,0,0,0,0,0,1
277,GR_00521990.png,0,0,0,0,0,0,0,0,0,0,0,0,0,1,0,0,0,0,0,0,1
278,GR_00565627.png,0,0,0,0,0,0,0,0,0,0,0,0,0,1,0,0,0,0,0,0,1
279,GR_00566861.png,0,0,0,0,0,0,0,0,0,0,0,0,0,1,0,0,0,0,0,0,1
280,GR_00571357.png,0,0,0,0,0,0,0,0,0,0,0,0,0,1,0,0,0,0,0,0,1
281,GR_00619004.png,0,0,0,0,0,0,0,0,0,0,0,0,0,1,0,0,0,0,0,0,1
282,GR_00795579.png,0,0,0,0,0,0,0,0,0,0,0,0,0,1,0,0,0,0,0,0,1
283,GR_00844652.png,10,0,0,0,0,0,0,0,0,0,0,0,0,1,0,0,0,0,0,0,1
284,GR_00845544.png,0,0,0,0,0,0,0,0,0,0,0,0,0,1,0,0,0,0,0,0,1
285,GR_00852871.png,0,0,0,0,0,0,0,0,0,0,0,0,0,1,0,0,0,0,0,0,1
286,GR_00904428.png,0,0,0,0,0,0,0,0,0,0,0,0,0,1,0,0,0,0,0,0,1
287,GR_00905263.png,0,0,0,0,0,0,0,0,0,0,0,0,0,1,0,0,0,0,0,0,1
288,GR_00922159.png,0,0,0,0,0,0,0,0,0,0,0,0,0,1,0,0,0,0,0,0,1
289,GR_01013616.png,0,0,0,0,0,0,0,0,0,0,0,0,0,1,0,0,0,0,0,0,1
290,GR_01035625.png,0,0,0,0,0,0,0,0,0,0,0,0,0,1,0,0,0,0,0,0,1
291,GR_01103018.png,0,1,0,0,0,0,0,0,0,0,0,0,0,1,0,0,0,0,0,0,1
292,GR_01137919.png,2,0,0,0,0,0,0,0,0,0,0,0,0,1,0,0,0,0,0,0,1
293,GR_01139158.png,2,0,0,0,0,0,0,0,0,0,0,0,0,1,0,0,0,0,0,0,1
294,GR_01163499.png,2,0,0,0,0,0,0,0,0,0,0,0,0,1,0,0,0,0,0,0,1
295,GR_01192195.png,0,0,0,0,0,0,0,0,0,0,0,0,0,1,0,0,0,0,0,0,1
296,GR_01204280.png,0,0,0,0,0,0,0,0,0,0,0,0,0,1,0,0,0,0,0,0,1
297,GR_01207279.png,5,0,0,0,0,0,0,0,0,0,0,0,0,1,0,0,0,0,0,0,1
298,GR_01227842.png,0,0,0,0,0,0,0,0,0,0,0,0,0,1,0,0,0,0,0,0,1
299,GR_01233457.png,10,0,0,0,0,0,0,0,0,0,0,0,0,1,0,0,0,0,0,0,1
300,IN_00067790.png,10,1,0,0,0,0,0,0,0,1,0,0,0,0,0,0,0,0,0,0,1
301,IN_00188588.png,5,1,0,0,0,0,0,0,0,1,0,0,0,0,0,0,0,0,0,0,1
302,IN_00188902.png,5,0,0,0,0,0,0,0,0,1,0,0,0,0,0,0,0,0,0,0,1
303,IN_00188948.png,5,0,0,0,0,0,0,0,0,1,0,0,0,0,0,0,0,0,0,0,1
304,IN_00189652.png,5,0,0,0,0,0,0,0,0,1,0,0,0,0,0,0,0,0,0,0,1
305,IN_00219575.png,10,0,0,0,0,0,0,0,0,1,0,0,0,0,0,0,0,0,0,0,1
306,IN_00219866.png,10,0,0,0,0,0,0,0,0,1,0,0,0,0,0,0,0,0,0,0,1
307,IN_00219871.png,10,0,0,0,0,0,0,0,0,1,0,0,0,0,0,0,0,0,0,0,1
308,IN_00219876.png,10,0,0,0,0,0,0,0,0,1,0,0,0,0,0,0,0,0,0,0,1
309,IN_00219995.png,10,0,0,0,0,0,0,0,0,1,0,0,0,0,0,0,0,0,0,0,1
310,IN_00220274.png,10,0,0,0,0,0,0,0,0,1,0,0,0,0,0,0,0,0,0,0,1
311,IN_00227726.png,5,0,0,0,0,0,0,0,0,1,0,0,0,0,0,0,0,0,0,0,1
312,IN_00233848.png,5,1,0,0,0,0,0,0,0,1,0,0,0,0,0,0,0,0,0,0,1
313,IN_00238622.png,10,0,0,0,0,0,0,0,0,1,0,0,0,0,0,0,0,0,0,0,1
314,IN_00290522.png,0,1,0,0,0,0,0,0,0,1,0,0,0,0,0,0,0,0,0,0,1
315,IN_00304797.png,10,0,0,0,0,0,0,0,0,1,0,0,0,0,0,0,0,0,0,0,1
316,IN_00304814.png,10,0,0,0,0,0,0,0,0,1,0,0,0,0,0,0,0,0,0,0,1
317,IN_00314078.png,2,0,0,0,0,0,0,0,0,1,0,0,0,0,0,0,0,0,0,0,1
318,IN_00320498.png,10,1,0,0,0,0,0,0,0,1,0,0,0,0,0,0,0,0,0,0,1
319,IN_00337282.png,5,0,0,0,0,0,0,0,0,1,0,0,0,0,0,0,0,0,0,0,1
320,IN_00351107.png,5,0,0,0,0,0,0,0,0,1,0,0,0,0,0,0,0,0,0,0,1
321,IN_00468404.png,10,0,0,0,0,0,0,0,0,1,0,0,0,0,0,0,0,0,0,0,1
322,IN_00468431.png,10,0,0,0,0,0,0,0,0,1,0,0,0,0,0,0,0,0,0,0,1
323,IN_00586295.png,2,0,0,0,0,0,0,0,0,1,0,0,0,0,0,0,0,0,0,0,1
324,IN_00589651.png,10,0,0,0,0,0,0,0,0,1,0,0,0,0,0,0,0,0,0,0,1
325,IN_00589778.png,10,1,0,0,0,0,0,0,0,1,0,0,0,0,0,0,0,0,0,0,1
326,IN_00604852.png,10,0,0,0,0,0,0,0,0,1,0,0,0,0,0,0,0,0,0,0,1
327,IN_00649523.png,10,0,0,0,0,0,0,0,0,1,0,0,0,0,0,0,0,0,0,0,1
328,IN_00728135.png,10,1,0,0,0,0,0,0,0,1,0,0,0,0,0,0,0,0,0,0,1
329,IN_00748468.png,5,0,0,0,0,0,0,0,0,1,0,0,0,0,0,0,0,0,0,0,1
330,IN_00798028.png,10,0,0,0,0,0,0,0,0,1,0,0,0,0,0,0,0,0,0,0,1
331,IN_00814376.png,5,0,0,0,0,0,0,0,0,1,0,0,0,0,0,0,0,0,0,0,1
332,IN_00882740.png,0,1,0,0,0,0,0,0,0,1,0,0,0,0,0,0,0,0,0,0,1
333,IN_00889047.png,5,0,0,0,0,0,0,0,0,1,0,0,0,0,0,0,0,0,0,0,1
334,IN_00965309.png,40,1,0,0,0,0,0,0,0,1,0,0,0,0,0,0,0,0,0,0,1
335,IN_00965310.png,40,0,0,0,0,0,0,0,0,1,0,0,0,0,0,0,0,0,0,0,1
336,IN_00965924.png,20,0,0,0,0,0,0,0,0,1,0,0,0,0,0,0,0,0,0,0,1
337,IN_00976498.png,20,0,0,0,0,0,0,0,0,1,0,0,0,0,0,0,0,0,0,0,1
338,IN_01000829.png,30,1,0,0,0,0,0,0,0,1,0,0,0,0,0,0,0,0,0,0,1
339,IN_01006005.png,30,0,0,0,0,0,0,0,0,1,0,0,0,0,0,0,0,0,0,0,1
340,IN_01006625.png,30,0,0,0,0,0,0,0,0,1,0,0,0,0,0,0,0,0,0,0,1
341,IN_01014890.png,10,0,0,0,0,0,0,0,0,1,0,0,0,0,0,0,0,0,0,0,1
342,IN_01061379.png,5,0,0,0,0,0,0,0,0,1,0,0,0,0,0,0,0,0,0,0,1
343,IN_01088827.png,0,0,0,0,0,0,0,0,0,1,0,0,0,0,0,0,0,0,0,0,1
344,IN_01106360.png,10,0,0,0,0,0,0,0,0,1,0,0,0,0,0,0,0,0,0,0,1
345,IN_01116046.png,10,0,0,0,0,0,0,0,0,1,0,0,0,0,0,0,0,0,0,0,1
346,IN_01140319.png,2,0,0,0,0,0,0,0,0,1,0,0,0,0,0,0,0,0,0,0,1
347,IN_01141352.png,5,0,0,0,0,0,0,0,0,1,0,0,0,0,0,0,0,0,0,0,1
348,IN_01234018.png,0,0,0,0,0,0,0,0,0,1,0,0,0,0,0,0,0,0,0,0,1
349,IN_01234239.png,20,1,0,0,0,0,0,0,0,1,0,0,0,0,0,0,0,0,0,0,1
350,IS_00004582.png,0,1,0,0,0,0,0,1,0,0,0,0,0,0,0,0,0,0,0,0,1
351,IS_00087647.png,20,1,0,0,0,0,0,1,0,0,0,0,0,0,0,0,0,0,0,0,1
352,IS_00091744.png,0,1,0,0,0,0,0,1,0,0,0,0,0,0,0,0,0,0,0,0,1
353,IS_00114187.png,10,0,0,0,0,0,0,1,0,0,0,0,0,0,0,0,0,0,0,0,1
354,IS_00115404.png,20,0,0,0,0,0,0,1,0,0,0,0,0,0,0,0,0,0,0,0,1
355,IS_00117597.png,10,0,0,0,0,0,0,1,0,0,0,0,0,0,0,0,0,0,0,0,1
356,IS_00122992.png,20,0,0,0,0,0,0,1,0,0,0,0,0,0,0,0,0,0,0,0,1
357,IS_00123439.png,0,0,0,0,0,0,0,1,0,0,0,0,0,0,0,0,0,0,0,0,1
358,IS_00124710.png,0,0,0,0,0,0,0,1,0,0,0,0,0,0,0,0,0,0,0,0,1
359,IS_00175161.png,10,0,0,0,0,0,0,1,0,0,0,0,0,0,0,0,0,0,0,0,1
360,IS_00216815.png,10,0,0,0,0,0,0,1,0,0,0,0,0,0,0,0,0,0,0,0,1
361,IS_00228937.png,5,0,0,0,0,0,0,1,0,0,0,0,0,0,0,0,0,0,0,0,1
362,IS_00228942.png,5,0,0,0,0,0,0,1,0,0,0,0,0,0,0,0,0,0,0,0,1
363,IS_00228972.png,5,0,0,0,0,0,0,1,0,0,0,0,0,0,0,0,0,0,0,0,1
364,IS_00228977.png,5,0,0,0,0,0,0,1,0,0,0,0,0,0,0,0,0,0,0,0,1
365,IS_00234970.png,10,0,0,0,0,0,0,1,0,0,0,0,0,0,0,0,0,0,0,0,1
366,IS_00236162.png,5,0,0,0,0,0,0,1,0,0,0,0,0,0,0,0,0,0,0,0,1
367,IS_00242009.png,0,1,0,0,0,0,0,1,0,0,0,0,0,0,0,0,0,0,0,0,1
368,IS_00266468.png,0,0,0,0,0,0,0,1,0,0,0,0,0,0,0,0,0,0,0,0,1
369,IS_00307798.png,2,0,0,0,0,0,0,1,0,0,0,0,0,0,0,0,0,0,0,0,1
370,IS_00343657.png,5,0,0,0,0,0,0,1,0,0,0,0,0,0,0,0,0,0,0,0,1
371,IS_00353689.png,10,0,0,0,0,0,0,1,0,0,0,0,0,0,0,0,0,0,0,0,1
372,IS_00370828.png,0,0,0,0,0,0,0,1,0,0,0,0,0,0,0,0,0,0,0,0,1
373,IS_00418782.png,2,0,0,0,0,0,0,1,0,0,0,0,0,0,0,0,0,0,0,0,1
374,IS_00471496.png,10,0,0,0,0,0,0,1,0,0,0,0,0,0,0,0,0,0,0,0,1
375,IS_00471522.png,10,0,0,0,0,0,0,1,0,0,0,0,0,0,0,0,0,0,0,0,1
376,IS_00471566.png,10,0,0,0,0,0,0,1,0,0,0,0,0,0,0,0,0,0,0,0,1
377,IS_00497544.png,20,1,0,0,0,0,0,1,0,0,0,0,0,0,0,0,0,0,0,0,1
378,IS_00497545.png,20,0,0,0,0,0,0,1,0,0,0,0,0,0,0,0,0,0,0,0,1
379,IS_00521506.png,0,0,0,0,0,0,0,1,0,0,0,0,0,0,0,0,0,0,0,0,1
380,IS_00596668.png,10,0,0,0,0,0,0,1,0,0,0,0,0,0,0,0,0,0,0,0,1
381,IS_00603099.png,10,1,0,0,0,0,0,1,0,0,0,0,0,0,0,0,0,0,0,0,1
382,IS_00603817.png,10,0,0,0,0,0,0,1,0,0,0,0,0,0,0,0,0,0,0,0,1
383,IS_00611489.png,10,0,0,0,0,0,0,1,0,0,0,0,0,0,0,0,0,0,0,0,1
384,IS_00651084.png,0,1,0,0,0,0,0,1,0,0,0,0,0,0,0,0,0,0,0,0,1
385,IS_00707676.png,5,0,0,0,0,0,0,1,0,0,0,0,0,0,0,0,0,0,0,0,1
386,IS_00714175.png,10,0,0,0,0,0,0,1,0,0,0,0,0,0,0,0,0,0,0,0,1
387,IS_00724447.png,5,0,0,0,0,0,0,1,0,0,0,0,0,0,0,0,0,0,0,0,1
388,IS_00804153.png,10,1,0,0,0,0,0,1,0,0,0,0,0,0,0,0,0,0,0,0,1
389,IS_00804175.png,10,0,0,0,0,0,0,1,0,0,0,0,0,0,0,0,0,0,0,0,1
390,IS_00845057.png,0,1,0,0,0,0,0,1,0,0,0,0,0,0,0,0,0,0,0,0,1
391,IS_00965601.png,10,0,0,0,0,0,0,1,0,0,0,0,0,0,0,0,0,0,0,0,1
392,IS_01004581.png,40,0,0,0,0,0,0,1,0,0,0,0,0,0,0,0,0,0,0,0,1
393,IS_01122486.png,0,0,0,0,0,0,0,1,0,0,0,0,0,0,0,0,0,0,0,0,1
394,IS_01154598.png,0,0,0,0,0,0,0,1,0,0,0,0,0,0,0,0,0,0,0,0,1
395,IS_01189971.png,0,0,0,0,0,0,0,1,0,0,0,0,0,0,0,0,0,0,0,0,1
396,IS_01199882.png,0,1,0,0,0,0,0,1,0,0,0,0,0,0,0,0,0,0,0,0,1
397,IS_01227804.png,0,0,0,0,0,0,0,1,0,0,0,0,0,0,0,0,0,0,0,0,1
398,IS_01284347.png,10,0,0,0,0,0,0,1,0,0,0,0,0,0,0,0,0,0,0,0,1
399,IS_01285414.png,30,1,0,0,0,0,0,1,0,0,0,0,0,0,0,0,0,0,0,0,1
400,OB_00016233.png,10,1,0,1,0,0,0,0,0,0,0,0,0,0,0,0,0,0,0,0,1
401,OB_00071359.png,20,1,0,1,0,0,0,0,0,0,0,0,0,0,0,0,0,0,0,0,1
402,OB_00077681.png,10,1,0,1,0,0,0,0,0,0,0,0,0,0,0,0,0,0,0,0,1
403,OB_00086214.png,10,1,0,1,0,0,0,0,0,0,0,0,0,0,0,0,0,0,0,0,1
404,OB_00089229.png,10,1,0,1,0,0,0,0,0,0,0,0,0,0,0,0,0,0,0,0,1
405,OB_00170130.png,30,1,0,1,0,0,0,0,0,0,0,0,0,0,0,0,0,0,0,0,1
406,OB_00178461.png,10,1,0,1,0,0,0,0,0,0,0,0,0,0,0,0,0,0,0,0,1
407,OB_00188777.png,5,0,0,1,0,0,0,0,0,0,0,0,0,0,0,0,0,0,0,0,1
408,OB_00195062.png,40,1,0,1,0,0,0,0,0,0,0,0,0,0,0,0,0,0,0,0,1
409,OB_00220133.png,10,0,0,1,0,0,0,0,0,0,0,0,0,0,0,0,0,0,0,0,1
410,OB_00279456.png,5,1,0,1,0,0,0,0,0,0,0,0,0,0,0,0,0,0,0,0,1
411,OB_00287913.png,5,0,0,1,0,0,0,0,0,0,0,0,0,0,0,0,0,0,0,0,1
412,OB_00308934.png,0,0,0,1,0,0,0,0,0,0,0,0,0,0,0,0,0,0,0,0,1
413,OB_00310944.png,5,0,0,1,0,0,0,0,0,0,0,0,0,0,0,0,0,0,0,0,1
414,OB_00311658.png,5,0,0,1,0,0,0,0,0,0,0,0,0,0,0,0,0,0,0,0,1
415,OB_00312003.png,0,1,0,1,0,0,0,0,0,0,0,0,0,0,0,0,0,0,0,0,1
416,OB_00312483.png,10,0,0,1,0,0,0,0,0,0,0,0,0,0,0,0,0,0,0,0,1
417,OB_00317930.png,5,1,0,1,0,0,0,0,0,0,0,0,0,0,0,0,0,0,0,0,1
418,OB_00347933.png,10,1,0,1,0,0,0,0,0,0,0,0,0,0,0,0,0,0,0,0,1
419,OB_00406688.png,0,0,0,1,0,0,0,0,0,0,0,0,0,0,0,0,0,0,0,0,1
420,OB_00407917.png,5,0,0,1,0,0,0,0,0,0,0,0,0,0,0,0,0,0,0,0,1
421,OB_00408147.png,10,0,0,1,0,0,0,0,0,0,0,0,0,0,0,0,0,0,0,0,1
422,OB_00471553.png,10,0,0,1,0,0,0,0,0,0,0,0,0,0,0,0,0,0,0,0,1
423,OB_00474813.png,0,1,0,1,0,0,0,0,0,0,0,0,0,0,0,0,0,0,0,0,1
424,OB_00594619.png,0,0,0,1,0,0,0,0,0,0,0,0,0,0,0,0,0,0,0,0,1
425,OB_00597339.png,10,1,0,1,0,0,0,0,0,0,0,0,0,0,0,0,0,0,0,0,1
426,OB_00597448.png,10,1,0,1,0,0,0,0,0,0,0,0,0,0,0,0,0,0,0,0,1
427,OB_00613762.png,10,1,0,1,0,0,0,0,0,0,0,0,0,0,0,0,0,0,0,0,1
428,OB_00737478.png,5,1,0,1,0,0,0,0,0,0,0,0,0,0,0,0,0,0,0,0,1
429,OB_00910030.png,20,0,0,1,0,0,0,0,0,0,0,0,0,0,0,0,0,0,0,0,1
430,OB_00910112.png,10,1,0,1,0,0,0,0,0,0,0,0,0,0,0,0,0,0,0,0,1
431,OB_00933220.png,0,1,0,1,0,0,0,0,0,0,0,0,0,0,0,0,0,0,0,0,1
432,OB_00967469.png,20,0,0,1,0,0,0,0,0,0,0,0,0,0,0,0,0,0,0,0,1
433,OB_00975694.png,5,0,0,1,0,0,0,0,0,0,0,0,0,0,0,0,0,0,0,0,1
434,OB_01000440.png,10,0,0,1,0,0,0,0,0,0,0,0,0,0,0,0,0,0,0,0,1
435,OB_01037839.png,0,1,0,1,0,0,0,0,0,0,0,0,0,0,0,0,0,0,0,0,1
436,OB_01047508.png,2,0,0,1,0,0,0,0,0,0,0,0,0,0,0,0,0,0,0,0,1
437,OB_01083346.png,0,0,0,1,0,0,0,0,0,0,0,0,0,0,0,0,0,0,0,0,1
438,OB_01091048.png,0,1,0,1,0,0,0,0,0,0,0,0,0,0,0,0,0,0,0,0,1
439,OB_01093744.png,30,1,0,1,0,0,0,0,0,0,0,0,0,0,0,0,0,0,0,0,1
440,OB_01101668.png,10,0,0,1,0,0,0,0,0,0,0,0,0,0,0,0,0,0,0,0,1
441,OB_01117775.png,20,1,0,1,0,0,0,0,0,0,0,0,0,0,0,0,0,0,0,0,1
442,OB_01118905.png,2,1,0,1,0,0,0,0,0,0,0,0,0,0,0,0,0,0,0,0,1
443,OB_01120140.png,20,1,0,1,0,0,0,0,0,0,0,0,0,0,0,0,0,0,0,0,1
444,OB_01159219.png,0,1,0,1,0,0,0,0,0,0,0,0,0,0,0,0,0,0,0,0,1
445,OB_01161399.png,0,1,0,1,0,0,0,0,0,0,0,0,0,0,0,0,0,0,0,0,1
446,OB_01194634.png,10,1,0,1,0,0,0,0,0,0,0,0,0,0,0,0,0,0,0,0,1
447,OB_01197310.png,10,1,0,1,0,0,0,0,0,0,0,0,0,0,0,0,0,0,0,0,1
448,OB_01254747.png,0,0,0,1,0,0,0,0,0,0,0,0,0,0,0,0,0,0,0,0,1
449,OB_01275669.png,40,1,0,1,0,0,0,0,0,0,0,0,0,0,0,0,0,0,0,0,1
450,OK_00008930.png,0,1,0,0,0,0,0,0,0,0,0,0,0,0,0,0,0,0,1,0,1
451,OK_00031596.png,0,0,0,0,0,0,0,0,0,0,0,0,0,0,0,0,0,0,1,0,1
452,OK_00031896.png,0,1,0,0,0,0,0,0,0,0,0,0,0,0,0,0,0,0,1,0,1
453,OK_00036040.png,0,1,0,0,0,0,0,0,0,0,0,0,0,0,0,0,0,0,1,0,1
454,OK_00038601.png,0,1,0,0,0,0,0,0,0,0,0,0,0,0,0,0,0,0,1,0,1
455,OK_00160617.png,20,1,0,0,0,0,0,0,0,0,0,0,0,0,0,0,0,0,1,0,1
456,OK_00176617.png,0,1,0,0,0,0,0,0,0,0,0,0,0,0,0,0,0,0,1,0,1
457,OK_00177214.png,0,1,0,0,0,0,0,0,0,0,0,0,0,0,0,0,0,0,1,0,1
458,OK_00182119.png,0,1,0,0,0,0,0,0,0,0,0,0,0,0,0,0,0,0,1,0,1
459,OK_00196846.png,10,1,0,0,0,0,0,0,0,0,0,0,0,0,0,0,0,0,1,0,1
460,OK_00197407.png,0,1,0,0,0,0,0,0,0,0,0,0,0,0,0,0,0,0,1,0,1
461,OK_00233779.png,5,0,0,0,0,0,0,0,0,0,0,0,0,0,0,0,0,0,1,0,1
462,OK_00270522.png,0,0,0,0,0,0,0,0,0,0,0,0,0,0,0,0,0,0,1,0,1
463,OK_00295282.png,0,1,0,0,0,0,0,0,0,0,0,0,0,0,0,0,0,0,1,0,1
464,OK_00296864.png,0,1,0,0,0,0,0,0,0,0,0,0,0,0,0,0,0,0,1,0,1
465,OK_00359432.png,0,1,0,0,0,0,0,0,0,0,0,0,0,0,0,0,0,0,1,0,1
466,OK_00384379.png,0,1,0,0,0,0,0,0,0,0,0,0,0,0,0,0,0,0,1,0,1
467,OK_00388644.png,0,1,0,0,0,0,0,0,0,0,0,0,0,0,0,0,0,0,1,0,1
468,OK_00390789.png,0,1,0,0,0,0,0,0,0,0,0,0,0,0,0,0,0,0,1,0,1
469,OK_00393818.png,0,1,0,0,0,0,0,0,0,0,0,0,0,0,0,0,0,0,1,0,1
470,OK_00408067.png,0,1,0,0,0,0,0,0,0,0,0,0,0,0,0,0,0,0,1,0,1
471,OK_00425317.png,0,1,0,0,0,0,0,0,0,0,0,0,0,0,0,0,0,0,1,0,1
472,OK_00461086.png,0,1,0,0,0,0,0,0,0,0,0,0,0,0,0,0,0,0,1,0,1
473,OK_00461956.png,0,1,0,0,0,0,0,0,0,0,0,0,0,0,0,0,0,0,1,0,1
474,OK_00462023.png,0,1,0,0,0,0,0,0,0,0,0,0,0,0,0,0,0,0,1,0,1
475,OK_00551542.png,0,1,0,0,0,0,0,0,0,0,0,0,0,0,0,0,0,0,1,0,1
476,OK_00563325.png,0,1,0,0,0,0,0,0,0,0,0,0,0,0,0,0,0,0,1,0,1
477,OK_00646279.png,0,0,0,0,0,0,0,0,0,0,0,0,0,0,0,0,0,0,1,0,1
478,OK_00688366.png,0,1,0,0,0,0,0,0,0,0,0,0,0,0,0,0,0,0,1,0,1
479,OK_00689259.png,0,1,0,0,0,0,0,0,0,0,0,0,0,0,0,0,0,0,1,0,1
480,OK_00689539.png,0,1,0,0,0,0,0,0,0,0,0,0,0,0,0,0,0,0,1,0,1
481,OK_00727011.png,2,0,0,0,0,0,0,0,0,0,0,0,0,0,0,0,0,0,1,0,1
482,OK_00827570.png,0,0,0,0,0,0,0,0,0,0,0,0,0,0,0,0,0,0,1,0,1
483,OK_00874625.png,0,0,0,0,0,0,0,0,0,0,0,0,0,0,0,0,0,0,1,0,1
484,OK_00874830.png,0,1,0,0,0,0,0,0,0,0,0,0,0,0,0,0,0,0,1,0,1
485,OK_00882096.png,0,0,0,0,0,0,0,0,0,0,0,0,0,0,0,0,0,0,1,0,1
486,OK_00893669.png,0,0,0,0,0,0,0,0,0,0,0,0,0,0,0,0,0,0,1,0,1
487,OK_00894507.png,0,0,0,0,0,0,0,0,0,0,0,0,0,0,0,0,0,0,1,0,1
488,OK_00899684.png,0,1,0,0,0,0,0,0,0,0,0,0,0,0,0,0,0,0,1,0,1
489,OK_00952033.png,0,0,0,0,0,0,0,0,0,0,0,0,0,0,0,0,0,0,1,0,1
490,OK_00958628.png,0,1,0,0,0,0,0,0,0,0,0,0,0,0,0,0,0,0,1,0,1
491,OK_00986565.png,0,1,0,0,0,0,0,0,0,0,0,0,0,0,0,0,0,0,1,0,1
492,OK_01056156.png,0,0,0,0,0,0,0,0,0,0,0,0,0,0,0,0,0,0,1,0,1
493,OK_01057330.png,0,0,0,0,0,0,0,0,0,0,0,0,0,0,0,0,0,0,1,0,1
494,OK_01078789.png,0,1,0,0,0,0,0,0,0,0,0,0,0,0,0,0,0,0,1,0,1
495,OK_01147496.png,0,0,0,0,0,0,0,0,0,0,0,0,0,0,0,0,0,0,1,0,1
496,OK_01150566.png,0,1,0,0,0,0,0,0,0,0,0,0,0,0,0,0,0,0,1,0,1
497,OK_01150844.png,0,0,0,0,0,0,0,0,0,0,0,0,0,0,0,0,0,0,1,0,1
498,OK_01210201.png,0,1,0,0,0,0,0,0,0,0,0,0,0,0,0,0,0,0,1,0,1
499,OK_01230377.png,0,1,0,0,0,0,0,0,0,0,0,0,0,0,0,0,0,0,1,0,1
500,OP_00178177.png,10,0,0,0,0,0,0,0,0,0,0,0,0,0,0,0,0,1,0,0,1
501,OP_00282062.png,5,0,0,0,0,0,0,0,0,0,0,0,0,0,0,0,0,1,0,0,1
502,OP_00285811.png,10,0,0,0,0,0,0,0,0,0,0,0,0,0,0,0,0,1,0,0,1
503,OP_00286260.png,10,0,0,0,0,0,0,0,0,0,0,0,0,0,0,0,0,1,0,0,1
504,OP_00292061.png,10,0,0,0,0,0,0,0,0,0,0,0,0,0,0,0,0,1,0,0,1
505,OP_00399171.png,0,0,0,0,0,0,0,0,0,0,0,0,0,0,0,0,0,1,0,0,1
506,OP_00414401.png,20,0,0,0,0,0,0,0,0,0,0,0,0,0,0,0,0,1,0,0,1
507,OP_00417815.png,20,0,0,0,0,0,0,0,0,0,0,0,0,0,0,0,0,1,0,0,1
508,OP_00509185.png,10,0,0,0,0,0,0,0,0,0,0,0,0,0,0,0,0,1,0,0,1
509,OP_00509198.png,10,0,0,0,0,0,0,0,0,0,0,0,0,0,0,0,0,1,0,0,1
510,OP_00527326.png,10,0,0,0,0,0,0,0,0,0,0,0,0,0,0,0,0,1,0,0,1
511,OP_00549557.png,30,1,0,0,0,0,0,0,0,0,0,0,0,0,0,0,0,1,0,0,1
512,OP_00559022.png,10,0,0,0,0,0,0,0,0,0,0,0,0,0,0,0,0,1,0,0,1
513,OP_00560234.png,10,0,0,0,0,0,0,0,0,0,0,0,0,0,0,0,0,1,0,0,1
514,OP_00663751.png,10,0,0,0,0,0,0,0,0,0,0,0,0,0,0,0,0,1,0,0,1
515,OP_00667080.png,10,0,0,0,0,0,0,0,0,0,0,0,0,0,0,0,0,1,0,0,1
516,OP_00668494.png,10,0,0,0,0,0,0,0,0,0,0,0,0,0,0,0,0,1,0,0,1
517,OP_00668762.png,10,0,0,0,0,0,0,0,0,0,0,0,0,0,0,0,0,1,0,0,1
518,OP_00669210.png,10,0,0,0,0,0,0,0,0,0,0,0,0,0,0,0,0,1,0,0,1
519,OP_00671039.png,10,0,0,0,0,0,0,0,0,0,0,0,0,0,0,0,0,1,0,0,1
520,OP_00672908.png,10,0,0,0,0,0,0,0,0,0,0,0,0,0,0,0,0,1,0,0,1
521,OP_00683275.png,10,0,0,0,0,0,0,0,0,0,0,0,0,0,0,0,0,1,0,0,1
522,OP_00684886.png,10,0,0,0,0,0,0,0,0,0,0,0,0,0,0,0,0,1,0,0,1
523,OP_00684889.png,10,0,0,0,0,0,0,0,0,0,0,0,0,0,0,0,0,1,0,0,1
524,OP_00698541.png,10,0,0,0,0,0,0,0,0,0,0,0,0,0,0,0,0,1,0,0,1
525,OP_00698604.png,10,0,0,0,0,0,0,0,0,0,0,0,0,0,0,0,0,1,0,0,1
526,OP_00756094.png,5,0,0,0,0,0,0,0,0,0,0,0,0,0,0,0,0,1,0,0,1
527,OP_00757642.png,0,0,0,0,0,0,0,0,0,0,0,0,0,0,0,0,0,1,0,0,1
528,OP_00757896.png,10,0,0,0,0,0,0,0,0,0,0,0,0,0,0,0,0,1,0,0,1
529,OP_00767862.png,10,0,0,0,0,0,0,0,0,0,0,0,0,0,0,0,0,1,0,0,1
530,OP_00832670.png,10,1,0,0,0,0,0,0,0,0,0,0,0,0,0,0,0,1,0,0,1
531,OP_00864669.png,10,0,0,0,0,0,0,0,0,0,0,0,0,0,0,0,0,1,0,0,1
532,OP_00864674.png,10,0,0,0,0,0,0,0,0,0,0,0,0,0,0,0,0,1,0,0,1
533,OP_00873806.png,10,0,0,0,0,0,0,0,0,0,0,0,0,0,0,0,0,1,0,0,1
534,OP_00903141.png,0,0,0,0,0,0,0,0,0,0,0,0,0,0,0,0,0,1,0,0,1
535,OP_00914535.png,0,1,0,0,0,0,0,0,0,0,0,0,0,0,0,0,0,1,0,0,1
536,OP_00920078.png,5,0,0,0,0,0,0,0,0,0,0,0,0,0,0,0,0,1,0,0,1
537,OP_00954634.png,10,1,0,0,0,0,0,0,0,0,0,0,0,0,0,0,0,1,0,0,1
538,OP_00959710.png,20,1,0,0,0,0,0,0,0,0,0,0,0,0,0,0,0,1,0,0,1
539,OP_00984556.png,10,0,0,0,0,0,0,0,0,0,0,0,0,0,0,0,0,1,0,0,1
540,OP_00986225.png,5,0,0,0,0,0,0,0,0,0,0,0,0,0,0,0,0,1,0,0,1
541,OP_00986329.png,0,0,0,0,0,0,0,0,0,0,0,0,0,0,0,0,0,1,0,0,1
542,OP_00987367.png,0,0,0,0,0,0,0,0,0,0,0,0,0,0,0,0,0,1,0,0,1
543,OP_01035504.png,10,0,0,0,0,0,0,0,0,0,0,0,0,0,0,0,0,1,0,0,1
544,OP_01049973.png,5,0,0,0,0,0,0,0,0,0,0,0,0,0,0,0,0,1,0,0,1
545,OP_01050012.png,5,0,0,0,0,0,0,0,0,0,0,0,0,0,0,0,0,1,0,0,1
546,OP_01057825.png,20,0,0,0,0,0,0,0,0,0,0,0,0,0,0,0,0,1,0,0,1
547,OP_01059340.png,10,0,0,0,0,0,0,0,0,0,0,0,0,0,0,0,0,1,0,0,1
548,OP_01205681.png,10,1,0,0,0,0,0,0,0,0,0,0,0,0,0,0,0,1,0,0,1
549,OP_01205756.png,20,0,0,0,0,0,0,0,0,0,0,0,0,0,0,0,0,1,0,0,1
550,OS_00010486.png,10,0,0,0,0,0,0,0,0,0,0,0,0,0,0,0,1,0,0,0,1
551,OS_00020514.png,10,0,0,0,0,0,0,0,0,0,0,0,0,0,0,0,1,0,0,0,1
552,OS_00021696.png,60,1,0,0,0,0,0,0,0,0,0,0,0,0,0,0,1,0,0,0,1
553,OS_00022071.png,10,0,0,0,0,0,0,0,0,0,0,0,0,0,0,0,1,0,0,0,1
554,OS_00022972.png,10,0,0,0,0,0,0,0,0,0,0,0,0,0,0,0,1,0,0,0,1
555,OS_00041094.png,10,0,0,0,0,0,0,0,0,0,0,0,0,0,0,0,1,0,0,0,1
556,OS_00042369.png,10,0,0,0,0,0,0,0,0,0,0,0,0,0,0,0,1,0,0,0,1
557,OS_00042396.png,10,0,0,0,0,0,0,0,0,0,0,0,0,0,0,0,1,0,0,0,1
558,OS_00042812.png,10,0,0,0,0,0,0,0,0,0,0,0,0,0,0,0,1,0,0,0,1
559,OS_00043609.png,20,0,0,0,0,0,0,0,0,0,0,0,0,0,0,0,1,0,0,0,1
560,OS_00043617.png,10,0,0,0,0,0,0,0,0,0,0,0,0,0,0,0,1,0,0,0,1
561,OS_00044741.png,10,0,0,0,0,0,0,0,0,0,0,0,0,0,0,0,1,0,0,0,1
562,OS_00049843.png,0,0,0,0,0,0,0,0,0,0,0,0,0,0,0,0,1,0,0,0,1
563,OS_00052523.png,10,0,0,0,0,0,0,0,0,0,0,0,0,0,0,0,1,0,0,0,1
564,OS_00053122.png,20,0,0,0,0,0,0,0,0,0,0,0,0,0,0,0,1,0,0,0,1
565,OS_00066326.png,10,0,0,0,0,0,0,0,0,0,0,0,0,0,0,0,1,0,0,0,1
566,OS_00077899.png,20,0,0,0,0,0,0,0,0,0,0,0,0,0,0,0,1,0,0,0,1
567,OS_00078232.png,30,1,0,0,0,0,0,0,0,0,0,0,0,0,0,0,1,0,0,0,1
568,OS_00078376.png,10,0,0,0,0,0,0,0,0,0,0,0,0,0,0,0,1,0,0,0,1
569,OS_00078761.png,10,0,0,0,0,0,0,0,0,0,0,0,0,0,0,0,1,0,0,0,1
570,OS_00080184.png,10,0,0,0,0,0,0,0,0,0,0,0,0,0,0,0,1,0,0,0,1
571,OS_00085761.png,20,0,0,0,0,0,0,0,0,0,0,0,0,0,0,0,1,0,0,0,1
572,OS_00115644.png,10,0,0,0,0,0,0,0,0,0,0,0,0,0,0,0,1,0,0,0,1
573,OS_00116069.png,10,0,0,0,0,0,0,0,0,0,0,0,0,0,0,0,1,0,0,0,1
574,OS_00116163.png,30,0,0,0,0,0,0,0,0,0,0,0,0,0,0,0,1,0,0,0,1
575,OS_00162112.png,10,0,0,0,0,0,0,0,0,0,0,0,0,0,0,0,1,0,0,0,1
576,OS_00164268.png,10,0,0,0,0,0,0,0,0,0,0,0,0,0,0,0,1,0,0,0,1
577,OS_00338904.png,50,1,0,0,0,0,0,0,0,0,0,0,0,0,0,0,1,0,0,0,1
578,OS_00429425.png,10,0,0,0,0,0,0,0,0,0,0,0,0,0,0,0,1,0,0,0,1
579,OS_00433100.png,10,0,0,0,0,0,0,0,0,0,0,0,0,0,0,0,1,0,0,0,1
580,OS_00433137.png,10,0,0,0,0,0,0,0,0,0,0,0,0,0,0,0,1,0,0,0,1
581,OS_00553815.png,10,0,0,0,0,0,0,0,0,0,0,0,0,0,0,0,1,0,0,0,1
582,OS_00708007.png,0,0,0,0,0,0,0,0,0,0,0,0,0,0,0,0,1,0,0,0,1
583,OS_00745580.png,5,0,0,0,0,0,0,0,0,0,0,0,0,0,0,0,1,0,0,0,1
584,OS_00745592.png,10,1,0,0,0,0,0,0,0,0,0,0,0,0,0,0,1,0,0,0,1
585,OS_00752992.png,5,0,0,0,0,0,0,0,0,0,0,0,0,0,0,0,1,0,0,0,1
586,OS_00783581.png,0,0,0,0,0,0,0,0,0,0,0,0,0,0,0,0,1,0,0,0,1
587,OS_00784413.png,10,0,0,0,0,0,0,0,0,0,0,0,0,0,0,0,1,0,0,0,1
588,OS_00860956.png,10,0,0,0,0,0,0,0,0,0,0,0,0,0,0,0,1,0,0,0,1
589,OS_00886549.png,10,1,0,0,0,0,0,0,0,0,0,0,0,0,0,0,1,0,0,0,1
590,OS_00905653.png,0,1,0,0,0,0,0,0,0,0,0,0,0,0,0,0,1,0,0,0,1
591,OS_00945283.png,2,0,0,0,0,0,0,0,0,0,0,0,0,0,0,0,1,0,0,0,1
592,OS_00958847.png,5,0,0,0,0,0,0,0,0,0,0,0,0,0,0,0,1,0,0,0,1
593,OS_00958921.png,5,0,0,0,0,0,0,0,0,0,0,0,0,0,0,0,1,0,0,0,1
594,OS_00966679.png,10,0,0,0,0,0,0,0,0,0,0,0,0,0,0,0,1,0,0,0,1
595,OS_01049838.png,5,0,0,0,0,0,0,0,0,0,0,0,0,0,0,0,1,0,0,0,1
596,OS_01050084.png,5,0,0,0,0,0,0,0,0,0,0,0,0,0,0,0,1,0,0,0,1
597,OS_01050145.png,5,0,0,0,0,0,0,0,0,0,0,0,0,0,0,0,1,0,0,0,1
598,OS_01107761.png,30,1,0,0,0,0,0,0,0,0,0,0,0,0,0,0,1,0,0,0,1
599,OS_01207150.png,5,0,0,0,0,0,0,0,0,0,0,0,0,0,0,0,1,0,0,0,1
600,PB_00031095.png,10,0,0,0,0,0,0,0,0,0,0,0,0,0,0,1,0,0,0,0,1
601,PB_00186519.png,0,0,0,0,0,0,0,0,0,0,0,0,0,0,0,1,0,0,0,0,1
602,PB_00197251.png,2,0,0,0,0,0,0,0,0,0,0,0,0,0,0,1,0,0,0,0,1
603,PB_00236941.png,0,0,0,0,0,0,0,0,0,0,0,0,0,0,0,1,0,0,0,0,1
604,PB_00237198.png,0,0,0,0,0,0,0,0,0,0,0,0,0,0,0,1,0,0,0,0,1
605,PB_00273098.png,0,1,0,0,0,0,0,0,0,0,0,0,0,0,0,1,0,0,0,0,1
606,PB_00359474.png,2,0,0,0,0,0,0,0,0,0,0,0,0,0,0,1,0,0,0,0,1
607,PB_00370276.png,0,0,0,0,0,0,0,0,0,0,0,0,0,0,0,1,0,0,0,0,1
608,PB_00376828.png,0,0,0,0,0,0,0,0,0,0,0,0,0,0,0,1,0,0,0,0,1
609,PB_00377472.png,0,0,0,0,0,0,0,0,0,0,0,0,0,0,0,1,0,0,0,0,1
610,PB_00379021.png,0,0,0,0,0,0,0,0,0,0,0,0,0,0,0,1,0,0,0,0,1
611,PB_00392769.png,10,0,0,0,0,0,0,0,0,0,0,0,0,0,0,1,0,0,0,0,1
612,PB_00392775.png,10,1,0,0,0,0,0,0,0,0,0,0,0,0,0,1,0,0,0,0,1
613,PB_00405571.png,30,1,0,0,0,0,0,0,0,0,0,0,0,0,0,1,0,0,0,0,1
614,PB_00448162.png,0,0,0,0,0,0,0,0,0,0,0,0,0,0,0,1,0,0,0,0,1
615,PB_00481923.png,10,0,0,0,0,0,0,0,0,0,0,0,0,0,0,1,0,0,0,0,1
616,PB_00522780.png,20,0,0,0,0,0,0,0,0,0,0,0,0,0,0,1,0,0,0,0,1
617,PB_00524516.png,10,0,0,0,0,0,0,0,0,0,0,0,0,0,0,1,0,0,0,0,1
618,PB_00564563.png,0,0,0,0,0,0,0,0,0,0,0,0,0,0,0,1,0,0,0,0,1
619,PB_00591215.png,0,0,0,0,0,0,0,0,0,0,0,0,0,0,0,1,0,0,0,0,1
620,PB_00678322.png,10,0,0,0,0,0,0,0,0,0,0,0,0,0,0,1,0,0,0,0,1
621,PB_00700463.png,0,0,0,0,0,0,0,0,0,0,0,0,0,0,0,1,0,0,0,0,1
622,PB_00712553.png,5,0,0,0,0,0,0,0,0,0,0,0,0,0,0,1,0,0,0,0,1
623,PB_00738135.png,20,0,0,0,0,0,0,0,0,0,0,0,0,0,0,1,0,0,0,0,1
624,PB_00812900.png,0,0,0,0,0,0,0,0,0,0,0,0,0,0,0,1,0,0,0,0,1
625,PB_00847289.png,10,0,0,0,0,0,0,0,0,0,0,0,0,0,0,1,0,0,0,0,1
626,PB_00873656.png,10,0,0,0,0,0,0,0,0,0,0,0,0,0,0,1,0,0,0,0,1
627,PB_00877402.png,5,0,0,0,0,0,0,0,0,0,0,0,0,0,0,1,0,0,0,0,1
628,PB_00879246.png,10,0,0,0,0,0,0,0,0,0,0,0,0,0,0,1,0,0,0,0,1
629,PB_00879521.png,10,0,0,0,0,0,0,0,0,0,0,0,0,0,0,1,0,0,0,0,1
630,PB_00883035.png,2,0,0,0,0,0,0,0,0,0,0,0,0,0,0,1,0,0,0,0,1
631,PB_00891044.png,10,0,0,0,0,0,0,0,0,0,0,0,0,0,0,1,0,0,0,0,1
632,PB_00891455.png,10,0,0,0,0,0,0,0,0,0,0,0,0,0,0,1,0,0,0,0,1
633,PB_00894214.png,10,0,0,0,0,0,0,0,0,0,0,0,0,0,0,1,0,0,0,0,1
634,PB_00901858.png,20,1,0,0,0,0,0,0,0,0,0,0,0,0,0,1,0,0,0,0,1
635,PB_00917654.png,10,1,0,0,0,0,0,0,0,0,0,0,0,0,0,1,0,0,0,0,1
636,PB_00944118.png,0,0,0,0,0,0,0,0,0,0,0,0,0,0,0,1,0,0,0,0,1
637,PB_00951622.png,2,0,0,0,0,0,0,0,0,0,0,0,0,0,0,1,0,0,0,0,1
638,PB_00983094.png,10,0,0,0,0,0,0,0,0,0,0,0,0,0,0,1,0,0,0,0,1
639,PB_00983469.png,0,0,0,0,0,0,0,0,0,0,0,0,0,0,0,1,0,0,0,0,1
640,PB_00983569.png,5,0,0,0,0,0,0,0,0,0,0,0,0,0,0,1,0,0,0,0,1
641,PB_01003504.png,0,0,0,0,0,0,0,0,0,0,0,0,0,0,0,1,0,0,0,0,1
642,PB_01049313.png,5,0,0,0,0,0,0,0,0,0,0,0,0,0,0,1,0,0,0,0,1
643,PB_01148710.png,10,0,0,0,0,0,0,0,0,0,0,0,0,0,0,1,0,0,0,0,1
644,PB_01185984.png,30,1,0,0,0,0,0,0,0,0,0,0,0,0,0,1,0,0,0,0,1
645,PB_01212336.png,10,0,0,0,0,0,0,0,0,0,0,0,0,0,0,1,0,0,0,0,1
646,PB_01212453.png,0,1,0,0,0,0,0,0,0,0,0,0,0,0,0,1,0,0,0,0,1
647,PB_01220773.png,0,0,0,0,0,0,0,0,0,0,0,0,0,0,0,1,0,0,0,0,1
648,PB_01232708.png,0,0,0,0,0,0,0,0,0,0,0,0,0,0,0,1,0,0,0,0,1
649,PB_01274151.png,5,0,0,0,0,0,0,0,0,0,0,0,0,0,0,1,0,0,0,0,1
650,PF_00024167.png,10,0,0,0,1,0,0,0,0,0,0,0,0,0,0,0,0,0,0,0,1
651,PF_00131672.png,30,1,0,0,1,0,0,0,0,0,0,0,0,0,0,0,0,0,0,0,1
652,PF_00131678.png,20,1,0,0,1,0,0,0,0,0,0,0,0,0,0,0,0,0,0,0,1
653,PF_00162563.png,50,0,0,0,1,0,0,0,0,0,0,0,0,0,0,0,0,0,0,0,1
654,PF_00163236.png,30,0,0,0,1,0,0,0,0,0,0,0,0,0,0,0,0,0,0,0,1
655,PF_00286291.png,10,1,0,0,1,0,0,0,0,0,0,0,0,0,0,0,0,0,0,0,1
656,PF_00293036.png,10,0,0,0,1,0,0,0,0,0,0,0,0,0,0,0,0,0,0,0,1
657,PF_00298814.png,20,0,0,0,1,0,0,0,0,0,0,0,0,0,0,0,0,0,0,0,1
658,PF_00313274.png,10,0,0,0,1,0,0,0,0,0,0,0,0,0,0,0,0,0,0,0,1
659,PF_00369308.png,10,0,0,0,1,0,0,0,0,0,0,0,0,0,0,0,0,0,0,0,1
660,PF_00408464.png,10,0,0,0,1,0,0,0,0,0,0,0,0,0,0,0,0,0,0,0,1
661,PF_00424638.png,10,0,0,0,1,0,0,0,0,0,0,0,0,0,0,0,0,0,0,0,1
662,PF_00509883.png,10,1,0,0,1,0,0,0,0,0,0,0,0,0,0,0,0,0,0,0,1
663,PF_00538627.png,5,0,0,0,1,0,0,0,0,0,0,0,0,0,0,0,0,0,0,0,1
664,PF_00539339.png,5,1,0,0,1,0,0,0,0,0,0,0,0,0,0,0,0,0,0,0,1
665,PF_00539521.png,5,1,0,0,1,0,0,0,0,0,0,0,0,0,0,0,0,0,0,0,1
666,PF_00541118.png,0,0,0,0,1,0,0,0,0,0,0,0,0,0,0,0,0,0,0,0,1
667,PF_00542900.png,10,1,0,0,1,0,0,0,0,0,0,0,0,0,0,0,0,0,0,0,1
668,PF_00549953.png,0,1,0,0,1,0,0,0,0,0,0,0,0,0,0,0,0,0,0,0,1
669,PF_00561363.png,10,1,0,0,1,0,0,0,0,0,0,0,0,0,0,0,0,0,0,0,1
670,PF_00561660.png,10,0,0,0,1,0,0,0,0,0,0,0,0,0,0,0,0,0,0,0,1
671,PF_00561661.png,10,0,0,0,1,0,0,0,0,0,0,0,0,0,0,0,0,0,0,0,1
672,PF_00666969.png,0,1,0,0,1,0,0,0,0,0,0,0,0,0,0,0,0,0,0,0,1
673,PF_00667252.png,0,1,0,0,1,0,0,0,0,0,0,0,0,0,0,0,0,0,0,0,1
674,PF_00701463.png,0,1,0,0,1,0,0,0,0,0,0,0,0,0,0,0,0,0,0,0,1
675,PF_00701598.png,0,1,0,0,1,0,0,0,0,0,0,0,0,0,0,0,0,0,0,0,1
676,PF_00701776.png,5,0,0,0,1,0,0,0,0,0,0,0,0,0,0,0,0,0,0,0,1
677,PF_00710876.png,10,0,0,0,1,0,0,0,0,0,0,0,0,0,0,0,0,0,0,0,1
678,PF_00740667.png,10,1,0,0,1,0,0,0,0,0,0,0,0,0,0,0,0,0,0,0,1
679,PF_00764801.png,0,0,0,0,1,0,0,0,0,0,0,0,0,0,0,0,0,0,0,0,1
680,PF_00764809.png,0,0,0,0,1,0,0,0,0,0,0,0,0,0,0,0,0,0,0,0,1
681,PF_00767086.png,10,1,0,0,1,0,0,0,0,0,0,0,0,0,0,0,0,0,0,0,1
682,PF_00777043.png,10,0,0,0,1,0,0,0,0,0,0,0,0,0,0,0,0,0,0,0,1
683,PF_00777232.png,10,0,0,0,1,0,0,0,0,0,0,0,0,0,0,0,0,0,0,0,1
684,PF_00782817.png,10,1,0,0,1,0,0,0,0,0,0,0,0,0,0,0,0,0,0,0,1
685,PF_00834041.png,0,0,0,0,1,0,0,0,0,0,0,0,0,0,0,0,0,0,0,0,1
686,PF_00835495.png,10,0,0,0,1,0,0,0,0,0,0,0,0,0,0,0,0,0,0,0,1
687,PF_00841331.png,10,1,0,0,1,0,0,0,0,0,0,0,0,0,0,0,0,0,0,0,1
688,PF_00857882.png,10,1,0,0,1,0,0,0,0,0,0,0,0,0,0,0,0,0,0,0,1
689,PF_00860229.png,5,0,0,0,1,0,0,0,0,0,0,0,0,0,0,0,0,0,0,0,1
690,PF_00885633.png,0,0,0,0,1,0,0,0,0,0,0,0,0,0,0,0,0,0,0,0,1
691,PF_00914987.png,0,1,0,0,1,0,0,0,0,0,0,0,0,0,0,0,0,0,0,0,1
692,PF_00916177.png,0,1,0,0,1,0,0,0,0,0,0,0,0,0,0,0,0,0,0,0,1
693,PF_00916187.png,0,0,0,0,1,0,0,0,0,0,0,0,0,0,0,0,0,0,0,0,1
694,PF_00927238.png,5,0,0,0,1,0,0,0,0,0,0,0,0,0,0,0,0,0,0,0,1
695,PF_00938429.png,0,0,0,0,1,0,0,0,0,0,0,0,0,0,0,0,0,0,0,0,1
696,PF_00984799.png,5,1,0,0,1,0,0,0,0,0,0,0,0,0,0,0,0,0,0,0,1
697,PF_00985621.png,0,0,0,0,1,0,0,0,0,0,0,0,0,0,0,0,0,0,0,0,1
698,PF_01131079.png,0,1,0,0,1,0,0,0,0,0,0,0,0,0,0,0,0,0,0,0,1
699,PF_01226517.png,0,0,0,0,1,0,0,0,0,0,0,0,0,0,0,0,0,0,0,0,1
700,PH_00018595.png,10,0,0,0,0,0,0,0,0,0,0,0,0,0,1,0,0,0,0,0,1
701,PH_00059571.png,10,0,0,0,0,0,0,0,0,0,0,0,0,0,1,0,0,0,0,0,1
702,PH_00059888.png,10,0,0,0,0,0,0,0,0,0,0,0,0,0,1,0,0,0,0,0,1
703,PH_00065968.png,10,0,0,0,0,0,0,0,0,0,0,0,0,0,1,0,0,0,0,0,1
704,PH_00071560.png,10,0,0,0,0,0,0,0,0,0,0,0,0,0,1,0,0,0,0,0,1
705,PH_00102817.png,10,0,0,0,0,0,0,0,0,0,0,0,0,0,1,0,0,0,0,0,1
706,PH_00125620.png,10,0,0,0,0,0,0,0,0,0,0,0,0,0,1,0,0,0,0,0,1
707,PH_00153766.png,10,0,0,0,0,0,0,0,0,0,0,0,0,0,1,0,0,0,0,0,1
708,PH_00211857.png,10,0,0,0,0,0,0,0,0,0,0,0,0,0,1,0,0,0,0,0,1
709,PH_00212230.png,10,0,0,0,0,0,0,0,0,0,0,0,0,0,1,0,0,0,0,0,1
710,PH_00212367.png,10,0,0,0,0,0,0,0,0,0,0,0,0,0,1,0,0,0,0,0,1
711,PH_00212641.png,30,0,0,0,0,0,0,0,0,0,0,0,0,0,1,0,0,0,0,0,1
712,PH_00213053.png,20,0,0,0,0,0,0,0,0,0,0,0,0,0,1,0,0,0,0,0,1
713,PH_00213054.png,20,0,0,0,0,0,0,0,0,0,0,0,0,0,1,0,0,0,0,0,1
714,PH_00215004.png,10,0,0,0,0,0,0,0,0,0,0,0,0,0,1,0,0,0,0,0,1
715,PH_00219984.png,10,0,0,0,0,0,0,0,0,0,0,0,0,0,1,0,0,0,0,0,1
716,PH_00224734.png,10,0,0,0,0,0,0,0,0,0,0,0,0,0,1,0,0,0,0,0,1
717,PH_00229536.png,5,0,0,0,0,0,0,0,0,0,0,0,0,0,1,0,0,0,0,0,1
718,PH_00231809.png,5,0,0,0,0,0,0,0,0,0,0,0,0,0,1,0,0,0,0,0,1
719,PH_00252677.png,10,0,0,0,0,0,0,0,0,0,0,0,0,0,1,0,0,0,0,0,1
720,PH_00298904.png,0,0,0,0,0,0,0,0,0,0,0,0,0,0,1,0,0,0,0,0,1
721,PH_00330411.png,10,1,0,0,0,0,0,0,0,0,0,0,0,0,1,0,0,0,0,0,1
722,PH_00331299.png,0,0,0,0,0,0,0,0,0,0,0,0,0,0,1,0,0,0,0,0,1
723,PH_00337551.png,10,0,0,0,0,0,0,0,0,0,0,0,0,0,1,0,0,0,0,0,1
724,PH_00340306.png,2,0,0,0,0,0,0,0,0,0,0,0,0,0,1,0,0,0,0,0,1
725,PH_00357370.png,10,0,0,0,0,0,0,0,0,0,0,0,0,0,1,0,0,0,0,0,1
726,PH_00396965.png,20,0,0,0,0,0,0,0,0,0,0,0,0,0,1,0,0,0,0,0,1
727,PH_00439332.png,0,0,0,0,0,0,0,0,0,0,0,0,0,0,1,0,0,0,0,0,1
728,PH_00445029.png,0,0,0,0,0,0,0,0,0,0,0,0,0,0,1,0,0,0,0,0,1
729,PH_00445143.png,0,0,0,0,0,0,0,0,0,0,0,0,0,0,1,0,0,0,0,0,1
730,PH_00445165.png,0,0,0,0,0,0,0,0,0,0,0,0,0,0,1,0,0,0,0,0,1
731,PH_00563362.png,0,0,0,0,0,0,0,0,0,0,0,0,0,0,1,0,0,0,0,0,1
732,PH_00612074.png,10,0,0,0,0,0,0,0,0,0,0,0,0,0,1,0,0,0,0,0,1
733,PH_00612374.png,0,0,0,0,0,0,0,0,0,0,0,0,0,0,1,0,0,0,0,0,1
734,PH_00612815.png,10,0,0,0,0,0,0,0,0,0,0,0,0,0,1,0,0,0,0,0,1
735,PH_00614014.png,10,0,0,0,0,0,0,0,0,0,0,0,0,0,1,0,0,0,0,0,1
736,PH_00615540.png,0,0,0,0,0,0,0,0,0,0,0,0,0,0,1,0,0,0,0,0,1
737,PH_00651399.png,0,0,0,0,0,0,0,0,0,0,0,0,0,0,1,0,0,0,0,0,1
738,PH_00651729.png,10,0,0,0,0,0,0,0,0,0,0,0,0,0,1,0,0,0,0,0,1
739,PH_00804131.png,10,0,0,0,0,0,0,0,0,0,0,0,0,0,1,0,0,0,0,0,1
740,PH_00804432.png,5,0,0,0,0,0,0,0,0,0,0,0,0,0,1,0,0,0,0,0,1
741,PH_00804911.png,5,0,0,0,0,0,0,0,0,0,0,0,0,0,1,0,0,0,0,0,1
742,PH_00961229.png,5,1,0,0,0,0,0,0,0,0,0,0,0,0,1,0,0,0,0,0,1
743,PH_01000824.png,40,0,0,0,0,0,0,0,0,0,0,0,0,0,1,0,0,0,0,0,1
744,PH_01118122.png,2,0,0,0,0,0,0,0,0,0,0,0,0,0,1,0,0,0,0,0,1
745,PH_01206841.png,5,1,0,0,0,0,0,0,0,0,0,0,0,0,1,0,0,0,0,0,1
746,PH_01221243.png,40,0,0,0,0,0,0,0,0,0,0,0,0,0,1,0,0,0,0,0,1
747,PH_01221244.png,40,0,0,0,0,0,0,0,0,0,0,0,0,0,1,0,0,0,0,0,1
748,PH_01247167.png,10,0,0,0,0,0,0,0,0,0,0,0,0,0,1,0,0,0,0,0,1
749,PH_01272928.png,5,1,0,0,0,0,0,0,0,0,0,0,0,0,1,0,0,0,0,0,1
750,RB_00011522.png,0,1,1,0,0,0,0,0,0,0,0,0,0,0,0,0,0,0,0,0,1
751,RB_00045087.png,30,1,1,0,0,0,0,0,0,0,0,0,0,0,0,0,0,0,0,0,1
752,RB_00049981.png,0,1,1,0,0,0,0,0,0,0,0,0,0,0,0,0,0,0,0,0,1
753,RB_00052948.png,0,1,1,0,0,0,0,0,0,0,0,0,0,0,0,0,0,0,0,0,1
754,RB_00058361.png,0,0,1,0,0,0,0,0,0,0,0,0,0,0,0,0,0,0,0,0,1
755,RB_00068964.png,0,1,1,0,0,0,0,0,0,0,0,0,0,0,0,0,0,0,0,0,1
756,RB_00105399.png,0,1,1,0,0,0,0,0,0,0,0,0,0,0,0,0,0,0,0,0,1
757,RB_00115861.png,10,1,1,0,0,0,0,0,0,0,0,0,0,0,0,0,0,0,0,0,1
758,RB_00122600.png,0,1,1,0,0,0,0,0,0,0,0,0,0,0,0,0,0,0,0,0,1
759,RB_00122783.png,0,1,1,0,0,0,0,0,0,0,0,0,0,0,0,0,0,0,0,0,1
760,RB_00124931.png,0,1,1,0,0,0,0,0,0,0,0,0,0,0,0,0,0,0,0,0,1
761,RB_00129009.png,0,1,1,0,0,0,0,0,0,0,0,0,0,0,0,0,0,0,0,0,1
762,RB_00129346.png,10,0,1,0,0,0,0,0,0,0,0,0,0,0,0,0,0,0,0,0,1
763,RB_00149451.png,0,1,1,0,0,0,0,0,0,0,0,0,0,0,0,0,0,0,0,0,1
764,RB_00182486.png,0,1,1,0,0,0,0,0,0,0,0,0,0,0,0,0,0,0,0,0,1
765,RB_00214289.png,20,0,1,0,0,0,0,0,0,0,0,0,0,0,0,0,0,0,0,0,1
766,RB_00226639.png,30,0,1,0,0,0,0,0,0,0,0,0,0,0,0,0,0,0,0,0,1
767,RB_00227976.png,10,0,1,0,0,0,0,0,0,0,0,0,0,0,0,0,0,0,0,0,1
768,RB_00299177.png,10,1,1,0,0,0,0,0,0,0,0,0,0,0,0,0,0,0,0,0,1
769,RB_00331837.png,0,0,1,0,0,0,0,0,0,0,0,0,0,0,0,0,0,0,0,0,1
770,RB_00336885.png,5,0,1,0,0,0,0,0,0,0,0,0,0,0,0,0,0,0,0,0,1
771,RB_00338253.png,10,1,1,0,0,0,0,0,0,0,0,0,0,0,0,0,0,0,0,0,1
772,RB_00339317.png,5,1,1,0,0,0,0,0,0,0,0,0,0,0,0,0,0,0,0,0,1
773,RB_00342922.png,0,1,1,0,0,0,0,0,0,0,0,0,0,0,0,0,0,0,0,0,1
774,RB_00356405.png,20,0,1,0,0,0,0,0,0,0,0,0,0,0,0,0,0,0,0,0,1
775,RB_00395572.png,0,1,1,0,0,0,0,0,0,0,0,0,0,0,0,0,0,0,0,0,1
776,RB_00403789.png,0,1,1,0,0,0,0,0,0,0,0,0,0,0,0,0,0,0,0,0,1
777,RB_00414635.png,0,1,1,0,0,0,0,0,0,0,0,0,0,0,0,0,0,0,0,0,1
778,RB_00414636.png,0,1,1,0,0,0,0,0,0,0,0,0,0,0,0,0,0,0,0,0,1
779,RB_00574568.png,10,0,1,0,0,0,0,0,0,0,0,0,0,0,0,0,0,0,0,0,1
780,RB_00584028.png,5,1,1,0,0,0,0,0,0,0,0,0,0,0,0,0,0,0,0,0,1
781,RB_00586341.png,2,0,1,0,0,0,0,0,0,0,0,0,0,0,0,0,0,0,0,0,1
782,RB_00614826.png,10,0,1,0,0,0,0,0,0,0,0,0,0,0,0,0,0,0,0,0,1
783,RB_00646043.png,0,1,1,0,0,0,0,0,0,0,0,0,0,0,0,0,0,0,0,0,1
784,RB_00648549.png,0,1,1,0,0,0,0,0,0,0,0,0,0,0,0,0,0,0,0,0,1
785,RB_00734496.png,2,0,1,0,0,0,0,0,0,0,0,0,0,0,0,0,0,0,0,0,1
786,RB_00734716.png,0,1,1,0,0,0,0,0,0,0,0,0,0,0,0,0,0,0,0,0,1
787,RB_00735058.png,0,1,1,0,0,0,0,0,0,0,0,0,0,0,0,0,0,0,0,0,1
788,RB_00798053.png,10,0,1,0,0,0,0,0,0,0,0,0,0,0,0,0,0,0,0,0,1
789,RB_00831447.png,5,1,1,0,0,0,0,0,0,0,0,0,0,0,0,0,0,0,0,0,1
790,RB_00966772.png,0,0,1,0,0,0,0,0,0,0,0,0,0,0,0,0,0,0,0,0,1
791,RB_01025403.png,10,0,1,0,0,0,0,0,0,0,0,0,0,0,0,0,0,0,0,0,1
792,RB_01051405.png,5,0,1,0,0,0,0,0,0,0,0,0,0,0,0,0,0,0,0,0,1
793,RB_01053097.png,5,1,1,0,0,0,0,0,0,0,0,0,0,0,0,0,0,0,0,0,1
794,RB_01069704.png,0,1,1,0,0,0,0,0,0,0,0,0,0,0,0,0,0,0,0,0,1
795,RB_01086796.png,0,1,1,0,0,0,0,0,0,0,0,0,0,0,0,0,0,0,0,0,1
796,RB_01159388.png,10,1,1,0,0,0,0,0,0,0,0,0,0,0,0,0,0,0,0,0,1
797,RB_01159452.png,2,0,1,0,0,0,0,0,0,0,0,0,0,0,0,0,0,0,0,0,1
798,RB_01194576.png,5,1,1,0,0,0,0,0,0,0,0,0,0,0,0,0,0,0,0,0,1
799,RB_01194725.png,5,0,1,0,0,0,0,0,0,0,0,0,0,0,0,0,0,0,0,0,1
800,RO_00010947.png,0,1,0,0,0,0,0,0,1,0,0,0,0,0,0,0,0,0,0,0,1
801,RO_00034091.png,0,1,0,0,0,0,0,0,1,0,0,0,0,0,0,0,0,0,0,0,1
802,RO_00034094.png,0,1,0,0,0,0,0,0,1,0,0,0,0,0,0,0,0,0,0,0,1
803,RO_00034190.png,0,0,0,0,0,0,0,0,1,0,0,0,0,0,0,0,0,0,0,0,1
804,RO_00034201.png,0,1,0,0,0,0,0,0,1,0,0,0,0,0,0,0,0,0,0,0,1
805,RO_00082667.png,10,1,0,0,0,0,0,0,1,0,0,0,0,0,0,0,0,0,0,0,1
806,RO_00090692.png,0,1,0,0,0,0,0,0,1,0,0,0,0,0,0,0,0,0,0,0,1
807,RO_00091621.png,0,1,0,0,0,0,0,0,1,0,0,0,0,0,0,0,0,0,0,0,1
808,RO_00094050.png,0,1,0,0,0,0,0,0,1,0,0,0,0,0,0,0,0,0,0,0,1
809,RO_00102175.png,10,0,0,0,0,0,0,0,1,0,0,0,0,0,0,0,0,0,0,0,1
810,RO_00105175.png,20,1,0,0,0,0,0,0,1,0,0,0,0,0,0,0,0,0,0,0,1
811,RO_00123760.png,10,1,0,0,0,0,0,0,1,0,0,0,0,0,0,0,0,0,0,0,1
812,RO_00129332.png,0,1,0,0,0,0,0,0,1,0,0,0,0,0,0,0,0,0,0,0,1
813,RO_00130762.png,0,1,0,0,0,0,0,0,1,0,0,0,0,0,0,0,0,0,0,0,1
814,RO_00216364.png,10,0,0,0,0,0,0,0,1,0,0,0,0,0,0,0,0,0,0,0,1
815,RO_00228864.png,0,1,0,0,0,0,0,0,1,0,0,0,0,0,0,0,0,0,0,0,1
816,RO_00229560.png,0,1,0,0,0,0,0,0,1,0,0,0,0,0,0,0,0,0,0,0,1
817,RO_00232390.png,10,1,0,0,0,0,0,0,1,0,0,0,0,0,0,0,0,0,0,0,1
818,RO_00235816.png,0,0,0,0,0,0,0,0,1,0,0,0,0,0,0,0,0,0,0,0,1
819,RO_00240278.png,5,0,0,0,0,0,0,0,1,0,0,0,0,0,0,0,0,0,0,0,1
820,RO_00299194.png,0,1,0,0,0,0,0,0,1,0,0,0,0,0,0,0,0,0,0,0,1
821,RO_00340293.png,100,1,0,0,0,0,0,0,1,0,0,0,0,0,0,0,0,0,0,0,1
822,RO_00341659.png,5,0,0,0,0,0,0,0,1,0,0,0,0,0,0,0,0,0,0,0,1
823,RO_00484450.png,0,1,0,0,0,0,0,0,1,0,0,0,0,0,0,0,0,0,0,0,1
824,RO_00499095.png,20,1,0,0,0,0,0,0,1,0,0,0,0,0,0,0,0,0,0,0,1
825,RO_00582194.png,0,1,0,0,0,0,0,0,1,0,0,0,0,0,0,0,0,0,0,0,1
826,RO_00626151.png,0,1,0,0,0,0,0,0,1,0,0,0,0,0,0,0,0,0,0,0,1
827,RO_00710761.png,2,1,0,0,0,0,0,0,1,0,0,0,0,0,0,0,0,0,0,0,1
828,RO_00710802.png,5,0,0,0,0,0,0,0,1,0,0,0,0,0,0,0,0,0,0,0,1
829,RO_00710803.png,5,0,0,0,0,0,0,0,1,0,0,0,0,0,0,0,0,0,0,0,1
830,RO_00748885.png,0,0,0,0,0,0,0,0,1,0,0,0,0,0,0,0,0,0,0,0,1
831,RO_00929341.png,10,0,0,0,0,0,0,0,1,0,0,0,0,0,0,0,0,0,0,0,1
832,RO_01004738.png,20,0,0,0,0,0,0,0,1,0,0,0,0,0,0,0,0,0,0,0,1
833,RO_01006107.png,10,1,0,0,0,0,0,0,1,0,0,0,0,0,0,0,0,0,0,0,1
834,RO_01041203.png,10,1,0,0,0,0,0,0,1,0,0,0,0,0,0,0,0,0,0,0,1
835,RO_01041714.png,10,1,0,0,0,0,0,0,1,0,0,0,0,0,0,0,0,0,0,0,1
836,RO_01049089.png,0,1,0,0,0,0,0,0,1,0,0,0,0,0,0,0,0,0,0,0,1
837,RO_01068235.png,10,1,0,0,0,0,0,0,1,0,0,0,0,0,0,0,0,0,0,0,1
838,RO_01070989.png,5,1,0,0,0,0,0,0,1,0,0,0,0,0,0,0,0,0,0,0,1
839,RO_01087297.png,0,1,0,0,0,0,0,0,1,0,0,0,0,0,0,0,0,0,0,0,1
840,RO_01121648.png,0,1,0,0,0,0,0,0,1,0,0,0,0,0,0,0,0,0,0,0,1
841,RO_01130756.png,0,0,0,0,0,0,0,0,1,0,0,0,0,0,0,0,0,0,0,0,1
842,RO_01147162.png,0,1,0,0,0,0,0,0,1,0,0,0,0,0,0,0,0,0,0,0,1
843,RO_01151817.png,20,0,0,0,0,0,0,0,1,0,0,0,0,0,0,0,0,0,0,0,1
844,RO_01151839.png,20,0,0,0,0,0,0,0,1,0,0,0,0,0,0,0,0,0,0,0,1
845,RO_01151844.png,20,1,0,0,0,0,0,0,1,0,0,0,0,0,0,0,0,0,0,0,1
846,RO_01182401.png,0,1,0,0,0,0,0,0,1,0,0,0,0,0,0,0,0,0,0,0,1
847,RO_01183897.png,0,0,0,0,0,0,0,0,1,0,0,0,0,0,0,0,0,0,0,0,1
848,RO_01245878.png,50,0,0,0,0,0,0,0,1,0,0,0,0,0,0,0,0,0,0,0,1
849,RO_01249900.png,50,1,0,0,0,0,0,0,1,0,0,0,0,0,0,0,0,0,0,0,1
